score,attractive,ID,img_paths,asian,White,Train
0.407,41,AF165,AF165.jpg,1,0,1
0.397,40,AF790,AF790.jpg,1,0,1
0.619,62,AF1574,AF1574.jpg,1,0,1
0.289,29,AF1038,AF1038.jpg,1,0,1
0.309,31,AF302,AF302.jpg,1,0,1
0.660,66,AF1805,AF1805.jpg,1,0,1
0.830,83,CF658,CF658.jpg,0,1,1
0.881,88,CF574,CF574.jpg,0,1,1
0.381,38,CF117,CF117.jpg,0,1,1
0.464,46,CF306,CF306.jpg,0,1,1
0.392,39,CF83,CF83.jpg,0,1,1
0.459,46,AF1438,AF1438.jpg,1,0,1
0.742,74,AF586,AF586.jpg,1,0,1
0.485,49,AF1435,AF1435.jpg,1,0,1
0.428,43,CF67,CF67.jpg,0,1,1
0.635,64,AF476,AF476.jpg,1,0,1
0.655,66,AF1279,AF1279.jpg,1,0,1
0.420,42,AF1463,AF1463.jpg,1,0,1
0.371,37,CF206,CF206.jpg,0,1,1
0.433,43,AF50,AF50.jpg,1,0,1
0.474,47,AF1303,AF1303.jpg,1,0,1
0.747,75,AF1242,AF1242.jpg,1,0,1
0.613,61,AF1891,AF1891.jpg,1,0,1
0.253,25,AF312,AF312.jpg,1,0,1
0.356,36,AF676,AF676.jpg,1,0,1
0.876,88,CF28,CF28.jpg,0,1,1
0.536,54,CF9976,CF9976.jpg,0,1,1
0.485,49,CF275,CF275.jpg,0,1,1
0.737,74,CF614,CF614.jpg,0,1,1
0.466,47,AF925,AF925.jpg,1,0,1
0.629,63,AF998,AF998.jpg,1,0,1
0.412,41,AF1201,AF1201.jpg,1,0,1
0.613,61,AF1930,AF1930.jpg,1,0,1
0.845,85,CF562,CF562.jpg,0,1,1
0.675,68,AF1972,AF1972.jpg,1,0,1
0.402,40,CF478,CF478.jpg,0,1,1
0.443,44,AF9988,AF9988.jpg,0,1,1
0.608,61,AF1691,AF1691.jpg,1,0,1
0.742,74,AF1826,AF1826.jpg,1,0,1
0.680,68,AF237,AF237.jpg,1,0,1
0.418,42,AF229,AF229.jpg,1,0,1
0.268,27,AF308,AF308.jpg,1,0,1
0.536,54,AF256,AF256.jpg,1,0,1
0.606,61,AF1057,AF1057.jpg,1,0,1
0.088,9,AF6,AF6.jpg,1,0,1
0.716,72,AF1830,AF1830.jpg,1,0,1
0.629,63,AF1769,AF1769.jpg,1,0,1
0.649,65,CF33,CF33.jpg,0,1,1
0.608,61,AF1254,AF1254.jpg,1,0,1
0.387,39,AF353,AF353.jpg,1,0,1
0.191,19,AF179,AF179.jpg,1,0,1
0.412,41,AF1079,AF1079.jpg,1,0,1
0.464,46,CF96,CF96.jpg,0,1,1
0.320,32,AF1137,AF1137.jpg,1,0,1
0.376,38,AF417,AF417.jpg,1,0,1
0.773,77,AF1775,AF1775.jpg,1,0,1
0.588,59,CF218,CF218.jpg,0,1,1
0.510,51,AF309,AF309.jpg,1,0,1
0.705,71,AF850,AF850.jpg,1,0,1
0.448,45,CF471,CF471.jpg,0,1,1
0.789,79,CF5,CF5.jpg,0,1,1
0.407,41,AF69,AF69.jpg,1,0,1
0.407,41,CF294,CF294.jpg,0,1,1
0.887,89,CF553,CF553.jpg,0,1,1
0.325,33,AF847,AF847.jpg,1,0,1
0.428,43,AF1900,AF1900.jpg,1,0,1
0.228,23,AF907,AF907.jpg,1,0,1
0.222,22,AF570,AF570.jpg,1,0,1
0.820,82,AF1515,AF1515.jpg,1,0,1
0.608,61,AF1270,AF1270.jpg,1,0,1
0.330,33,AF1210,AF1210.jpg,1,0,1
0.314,31,AF64,AF64.jpg,1,0,1
0.345,35,AF141,AF141.jpg,1,0,1
0.505,51,AF438,AF438.jpg,1,0,1
0.727,73,AF1498,AF1498.jpg,1,0,1
0.423,42,AF266,AF266.jpg,1,0,1
0.443,44,AF590,AF590.jpg,1,0,1
0.727,73,CF717,CF717.jpg,0,1,1
0.366,37,AF475,AF475.jpg,1,0,1
0.582,58,AF1564,AF1564.jpg,1,0,1
0.634,63,AF1285,AF1285.jpg,1,0,1
0.294,29,AF1851,AF1851.jpg,1,0,1
0.639,64,AF1347,AF1347.jpg,1,0,1
0.418,42,CF521,CF521.jpg,0,1,1
0.361,36,AF599,AF599.jpg,1,0,1
0.304,30,AF168,AF168.jpg,1,0,1
0.696,70,AF539,AF539.jpg,1,0,1
0.737,74,CF711,CF711.jpg,0,1,1
0.711,71,AF1260,AF1260.jpg,1,0,1
0.675,68,CF540,CF540.jpg,0,1,1
0.505,51,CF94,CF94.jpg,0,1,1
0.314,31,AF889,AF889.jpg,1,0,1
0.799,80,CF677,CF677.jpg,0,1,1
0.814,81,CF707,CF707.jpg,0,1,1
0.799,80,CF678,CF678.jpg,0,1,1
0.577,58,AF1656,AF1656.jpg,1,0,1
0.289,29,AF1256,AF1256.jpg,1,0,1
0.773,77,CF587,CF587.jpg,0,1,1
0.668,67,AF731,AF731.jpg,1,0,1
0.320,32,CF175,CF175.jpg,0,1,1
0.325,33,AF1041,AF1041.jpg,1,0,1
0.402,40,AF1018,AF1018.jpg,1,0,1
0.897,90,CF584,CF584.jpg,0,1,1
0.459,46,CF101,CF101.jpg,0,1,1
0.523,52,AF623,AF623.jpg,1,0,1
0.521,52,CF70,CF70.jpg,0,1,1
0.554,55,AF959,AF959.jpg,1,0,1
0.454,45,AF1892,AF1892.jpg,1,0,1
0.438,44,CF9989,CF9989.jpg,0,1,1
0.149,15,AF359,AF359.jpg,1,0,1
0.701,70,CF364,CF364.jpg,0,1,1
0.314,31,AF342,AF342.jpg,1,0,1
0.144,14,AF716,AF716.jpg,1,0,1
0.572,57,AF184,AF184.jpg,1,0,1
0.691,69,AF914,AF914.jpg,1,0,1
0.314,31,AF1757,AF1757.jpg,1,0,1
0.660,66,AF1568,AF1568.jpg,1,0,1
0.665,67,AF639,AF639.jpg,1,0,1
0.706,71,AF1667,AF1667.jpg,1,0,1
0.782,78,CF695,CF695.jpg,0,1,1
0.459,46,AF1189,AF1189.jpg,1,0,1
0.593,59,AF1980,AF1980.jpg,1,0,1
0.397,40,CF418,CF418.jpg,0,1,1
0.758,76,AF1581,AF1581.jpg,1,0,1
0.536,54,CF133,CF133.jpg,0,1,1
0.320,32,AF1840,AF1840.jpg,1,0,1
0.438,44,AF1051,AF1051.jpg,1,0,1
0.629,63,AF1508,AF1508.jpg,1,0,1
0.485,49,AF358,AF358.jpg,1,0,1
0.469,47,CF97,CF97.jpg,0,1,1
0.809,81,AF772,AF772.jpg,1,0,1
0.696,70,AF1747,AF1747.jpg,1,0,1
0.593,59,AF1421,AF1421.jpg,1,0,1
0.598,60,AF967,AF967.jpg,1,0,1
0.660,66,AF480,AF480.jpg,1,0,1
0.309,31,AF1030,AF1030.jpg,1,0,1
0.361,36,AF943,AF943.jpg,1,0,1
0.619,62,AF1567,AF1567.jpg,1,0,1
0.155,16,AF688,AF688.jpg,1,0,1
0.624,62,CF411,CF411.jpg,0,1,1
0.330,33,AF879,AF879.jpg,1,0,1
0.067,7,AF1820,AF1820.jpg,1,0,1
0.549,55,AF1743,AF1743.jpg,1,0,1
0.186,19,AF643,AF643.jpg,1,0,1
0.387,39,AF1960,AF1960.jpg,1,0,1
0.418,42,CF608,CF608.jpg,0,1,1
0.242,24,AF223,AF223.jpg,1,0,1
0.660,66,AF1652,AF1652.jpg,1,0,1
0.464,46,AF403,AF403.jpg,1,0,1
0.619,62,AF877,AF877.jpg,1,0,1
0.495,50,AF373,AF373.jpg,1,0,1
0.691,69,AF1290,AF1290.jpg,1,0,1
0.323,32,AF668,AF668.jpg,1,0,1
0.314,31,AF1087,AF1087.jpg,1,0,1
0.598,60,AF471,AF471.jpg,1,0,1
0.731,73,AF678,AF678.jpg,1,0,1
0.536,54,CF98,CF98.jpg,0,1,1
0.804,80,CF644,CF644.jpg,0,1,1
0.345,35,CF136,CF136.jpg,0,1,1
0.619,62,AF1682,AF1682.jpg,1,0,1
0.371,37,AF1323,AF1323.jpg,1,0,1
0.675,68,CF122,CF122.jpg,0,1,1
0.294,29,AF692,AF692.jpg,1,0,1
0.680,68,AF1448,AF1448.jpg,1,0,1
0.639,64,AF1209,AF1209.jpg,1,0,1
0.825,83,CF573,CF573.jpg,0,1,1
0.330,33,CF539,CF539.jpg,0,1,1
0.784,78,CF583,CF583.jpg,0,1,1
0.670,67,AF1488,AF1488.jpg,1,0,1
0.856,86,CF10,CF10.jpg,0,1,1
0.469,47,AF44,AF44.jpg,1,0,1
0.716,72,AF1343,AF1343.jpg,1,0,1
0.304,30,AF280,AF280.jpg,1,0,1
0.572,57,AF1621,AF1621.jpg,1,0,1
0.670,67,CF80,CF80.jpg,0,1,1
0.366,37,AF275,AF275.jpg,1,0,1
0.318,32,AF1193,AF1193.jpg,1,0,1
0.711,71,AF1027,AF1027.jpg,1,0,1
0.474,47,CF457,CF457.jpg,0,1,1
0.418,42,AF1049,AF1049.jpg,1,0,1
0.361,36,AF97,AF97.jpg,1,0,1
0.603,60,CF298,CF298.jpg,0,1,1
0.727,73,AF862,AF862.jpg,1,0,1
0.299,30,CF219,CF219.jpg,0,1,1
0.196,20,AF314,AF314.jpg,1,0,1
0.113,11,AF345,AF345.jpg,1,0,1
0.402,40,CF194,CF194.jpg,0,1,1
0.381,38,AF439,AF439.jpg,1,0,1
0.383,38,AF793,AF793.jpg,1,0,1
0.197,20,AF587,AF587.jpg,1,0,1
0.479,48,CF466,CF466.jpg,0,1,1
0.625,63,AF1964,AF1964.jpg,1,0,1
0.196,20,AF638,AF638.jpg,1,0,1
0.351,35,AF1749,AF1749.jpg,1,0,1
0.639,64,AF1637,AF1637.jpg,1,0,1
0.314,31,AF712,AF712.jpg,1,0,1
0.655,66,AF1339,AF1339.jpg,1,0,1
0.206,21,AF162,AF162.jpg,1,0,1
0.477,48,CF229,CF229.jpg,0,1,1
0.454,45,AF1886,AF1886.jpg,1,0,1
0.536,54,AF1860,AF1860.jpg,1,0,1
0.716,72,CF374,CF374.jpg,0,1,1
0.572,57,AF1059,AF1059.jpg,1,0,1
0.356,36,AF1636,AF1636.jpg,1,0,1
0.242,24,AF332,AF332.jpg,1,0,1
0.258,26,AF465,AF465.jpg,1,0,1
0.505,51,CF235,CF235.jpg,0,1,1
0.392,39,CF211,CF211.jpg,0,1,1
0.325,33,AF323,AF323.jpg,1,0,1
0.835,84,CF629,CF629.jpg,0,1,1
0.686,69,AF1612,AF1612.jpg,1,0,1
0.438,44,AF1677,AF1677.jpg,1,0,1
0.523,52,AF1762,AF1762.jpg,1,0,1
0.546,55,AF205,AF205.jpg,1,0,1
0.675,68,AF1035,AF1035.jpg,1,0,1
0.332,33,CF52,CF52.jpg,0,1,1
0.680,68,AF1799,AF1799.jpg,1,0,1
0.634,63,AF1943,AF1943.jpg,1,0,1
0.428,43,AF278,AF278.jpg,1,0,1
0.330,33,AF181,AF181.jpg,1,0,1
0.655,66,CF520,CF520.jpg,0,1,1
0.242,24,AF990,AF990.jpg,1,0,1
0.438,44,AF854,AF854.jpg,1,0,1
0.634,63,CF272,CF272.jpg,0,1,1
0.582,58,CF353,CF353.jpg,0,1,1
0.515,52,AF1919,AF1919.jpg,1,0,1
0.459,46,AF425,AF425.jpg,1,0,1
0.701,70,AF1101,AF1101.jpg,1,0,1
0.376,38,AF60,AF60.jpg,1,0,1
0.383,38,CF501,CF501.jpg,0,1,1
0.840,84,CF423,CF423.jpg,0,1,1
0.881,88,CF749,CF749.jpg,0,1,1
0.639,64,AF1789,AF1789.jpg,1,0,1
0.706,71,CF315,CF315.jpg,0,1,1
0.479,48,AF1011,AF1011.jpg,1,0,1
0.278,28,AF473,AF473.jpg,1,0,1
0.247,25,AF968,AF968.jpg,1,0,1
0.371,37,CF277,CF277.jpg,0,1,1
0.211,21,AF1304,AF1304.jpg,1,0,1
0.459,46,CF132,CF132.jpg,0,1,1
0.423,42,AF78,AF78.jpg,1,0,1
0.830,83,CF645,CF645.jpg,0,1,1
0.170,17,AF1633,AF1633.jpg,1,0,1
0.485,49,AF1006,AF1006.jpg,1,0,1
0.711,71,AF972,AF972.jpg,1,0,1
0.485,49,AF1103,AF1103.jpg,1,0,1
0.639,64,AF1763,AF1763.jpg,1,0,1
0.289,29,AF449,AF449.jpg,1,0,1
0.500,50,CF528,CF528.jpg,0,1,1
0.423,42,AF1275,AF1275.jpg,1,0,1
0.438,44,AF486,AF486.jpg,1,0,1
0.892,89,CF6,CF6.jpg,0,1,1
0.639,64,CF150,CF150.jpg,0,1,1
0.309,31,CF524,CF524.jpg,0,1,1
0.619,62,CF69,CF69.jpg,0,1,1
0.567,57,AF1513,AF1513.jpg,1,0,1
0.866,87,CF623,CF623.jpg,0,1,1
0.829,83,CF632,CF632.jpg,0,1,1
0.670,67,AF1001,AF1001.jpg,1,0,1
0.155,16,AF1959,AF1959.jpg,1,0,1
0.500,50,AF1130,AF1130.jpg,1,0,1
0.144,14,AF25,AF25.jpg,1,0,1
0.619,62,CF400,CF400.jpg,0,1,1
0.278,28,CF513,CF513.jpg,0,1,1
0.392,39,AF9987,AF9987.jpg,1,0,1
0.747,75,AF545,AF545.jpg,1,0,1
0.469,47,CF500,CF500.jpg,0,1,1
0.273,27,CF469,CF469.jpg,0,1,1
0.294,29,AF440,AF440.jpg,1,0,1
0.477,48,CF370,CF370.jpg,0,1,1
0.284,28,AF1184,AF1184.jpg,1,0,1
0.572,57,AF1966,AF1966.jpg,1,0,1
0.263,26,AF215,AF215.jpg,1,0,1
0.732,73,CF4,CF4.jpg,0,1,1
0.732,73,AF695,AF695.jpg,1,0,1
0.433,43,AF1998,AF1998.jpg,1,0,1
0.451,45,AF1181,AF1181.jpg,1,0,1
0.418,42,AF1190,AF1190.jpg,1,0,1
0.732,73,AF1990,AF1990.jpg,1,0,1
0.497,50,CF104,CF104.jpg,0,1,1
0.706,71,AF1090,AF1090.jpg,1,0,1
0.273,27,AF1380,AF1380.jpg,1,0,1
0.644,64,CF617,CF617.jpg,0,1,1
0.273,27,CF95,CF95.jpg,0,1,1
0.216,22,CF313,CF313.jpg,0,1,1
0.567,57,AF1288,AF1288.jpg,1,0,1
0.381,38,AF960,AF960.jpg,1,0,1
0.680,68,AF1451,AF1451.jpg,1,0,1
0.428,43,AF1885,AF1885.jpg,1,0,1
0.175,18,AF140,AF140.jpg,1,0,1
0.691,69,AF1403,AF1403.jpg,1,0,1
0.629,63,AF1374,AF1374.jpg,1,0,1
0.490,49,AF20,AF20.jpg,1,0,1
0.531,53,AF958,AF958.jpg,1,0,1
0.660,66,AF1166,AF1166.jpg,1,0,1
0.155,16,AF557,AF557.jpg,1,0,1
0.500,50,CF304,CF304.jpg,0,1,1
0.170,17,AF680,AF680.jpg,1,0,1
0.418,42,CF182,CF182.jpg,0,1,1
0.448,45,AF441,AF441.jpg,1,0,1
0.567,57,AF924,AF924.jpg,1,0,1
0.686,69,AF1045,AF1045.jpg,1,0,1
0.314,31,AF84,AF84.jpg,1,0,1
0.557,56,AF1993,AF1993.jpg,1,0,1
0.689,69,CF254,CF254.jpg,0,1,1
0.505,51,AF506,AF506.jpg,1,0,1
0.423,42,AF364,AF364.jpg,1,0,1
0.278,28,AF316,AF316.jpg,1,0,1
0.454,45,AF807,AF807.jpg,1,0,1
0.335,34,AF114,AF114.jpg,1,0,1
0.345,35,AF1096,AF1096.jpg,1,0,1
0.619,62,CF172,CF172.jpg,0,1,1
0.469,47,CF351,CF351.jpg,0,1,1
0.670,67,AF203,AF203.jpg,1,0,1
0.170,17,CF9999,CF9999.jpg,0,1,1
0.387,39,CF463,CF463.jpg,0,1,1
0.191,19,AF549,AF549.jpg,1,0,1
0.526,53,AF745,AF745.jpg,1,0,1
0.314,31,AF36,AF36.jpg,1,0,1
0.361,36,AF526,AF526.jpg,1,0,1
0.722,72,AF1543,AF1543.jpg,1,0,1
0.727,73,AF1430,AF1430.jpg,1,0,1
0.634,63,AF1689,AF1689.jpg,1,0,1
0.196,20,CF76,CF76.jpg,0,1,1
0.722,72,AF1492,AF1492.jpg,1,0,1
0.510,51,AF1527,AF1527.jpg,1,0,1
0.381,38,AF705,AF705.jpg,1,0,1
0.613,61,AF510,AF510.jpg,1,0,1
0.526,53,CF264,CF264.jpg,0,1,1
0.737,74,AF1672,AF1672.jpg,1,0,1
0.438,44,AF126,AF126.jpg,1,0,1
0.407,41,AF1070,AF1070.jpg,1,0,1
0.572,57,CF503,CF503.jpg,0,1,1
0.490,49,AF404,AF404.jpg,1,0,1
0.701,70,AF1335,AF1335.jpg,1,0,1
0.515,52,AF1906,AF1906.jpg,1,0,1
0.557,56,CF705,CF705.jpg,0,1,1
0.454,45,CF359,CF359.jpg,0,1,1
0.280,28,AF21,AF21.jpg,1,0,1
0.515,52,AF1630,AF1630.jpg,1,0,1
0.459,46,AF1139,AF1139.jpg,1,0,1
0.582,58,CF743,CF743.jpg,0,1,1
0.619,62,AF1734,AF1734.jpg,1,0,1
0.366,37,AF112,AF112.jpg,1,0,1
0.536,54,AF1213,AF1213.jpg,1,0,1
0.881,88,CF11,CF11.jpg,0,1,1
0.608,61,CF316,CF316.jpg,0,1,1
0.448,45,AF1480,AF1480.jpg,1,0,1
0.680,68,CF605,CF605.jpg,0,1,1
0.768,77,AF997,AF997.jpg,1,0,1
0.644,64,AF1782,AF1782.jpg,1,0,1
0.237,24,AF1824,AF1824.jpg,1,0,1
0.505,51,AF1701,AF1701.jpg,1,0,1
0.397,40,AF571,AF571.jpg,1,0,1
0.454,45,AF1351,AF1351.jpg,1,0,1
0.314,31,CF9990,CF9990.jpg,0,1,1
0.747,75,CF612,CF612.jpg,0,1,1
0.737,74,CF546,CF546.jpg,0,1,1
0.273,27,AF355,AF355.jpg,1,0,1
0.763,76,CF737,CF737.jpg,0,1,1
0.701,70,CF729,CF729.jpg,0,1,1
0.144,14,AF700,AF700.jpg,1,0,1
0.552,55,CF174,CF174.jpg,0,1,1
0.294,29,AF766,AF766.jpg,1,0,1
0.716,72,AF1440,AF1440.jpg,1,0,1
0.706,71,AF1477,AF1477.jpg,1,0,1
0.716,72,AF1548,AF1548.jpg,1,0,1
0.580,58,CF245,CF245.jpg,0,1,1
0.490,49,AF1127,AF1127.jpg,1,0,1
0.425,43,AF68,AF68.jpg,1,0,1
0.861,86,CF572,CF572.jpg,0,1,1
0.552,55,CF302,CF302.jpg,0,1,1
0.696,70,AF858,AF858.jpg,1,0,1
0.515,52,AF437,AF437.jpg,1,0,1
0.454,45,AF29,AF29.jpg,1,0,1
0.275,28,AF1097,AF1097.jpg,1,0,1
0.639,64,AF213,AF213.jpg,1,0,1
0.366,37,AF514,AF514.jpg,1,0,1
0.526,53,CF9980,CF9980.jpg,0,1,1
0.160,16,AF9996,AF9996.jpg,1,0,1
0.582,58,AF1550,AF1550.jpg,1,0,1
0.689,69,AF1255,AF1255.jpg,1,0,1
0.753,75,CF687,CF687.jpg,0,1,1
0.376,38,AF674,AF674.jpg,1,0,1
0.423,42,AF249,AF249.jpg,1,0,1
0.479,48,AF868,AF868.jpg,1,0,1
0.732,73,AF1227,AF1227.jpg,1,0,1
0.196,20,AF1151,AF1151.jpg,1,0,1
0.356,36,AF77,AF77.jpg,1,0,1
0.464,46,AF1271,AF1271.jpg,1,0,1
0.500,50,CF465,CF465.jpg,0,1,1
0.387,39,CF247,CF247.jpg,0,1,1
0.325,33,AF830,AF830.jpg,1,0,1
0.216,22,AF1337,AF1337.jpg,1,0,1
0.340,34,AF385,AF385.jpg,1,0,1
0.619,62,AF1147,AF1147.jpg,1,0,1
0.222,22,AF37,AF37.jpg,1,0,1
0.727,73,CF597,CF597.jpg,0,1,1
0.366,37,CF297,CF297.jpg,0,1,1
0.722,72,AF1552,AF1552.jpg,1,0,1
0.335,34,AF48,AF48.jpg,1,0,1
0.299,30,AF524,AF524.jpg,1,0,1
0.526,53,AF796,AF796.jpg,1,0,1
0.809,81,CF90,CF90.jpg,0,1,1
0.335,34,AF455,AF455.jpg,1,0,1
0.284,28,AF321,AF321.jpg,1,0,1
0.523,52,AF1678,AF1678.jpg,1,0,1
0.773,77,CF750,CF750.jpg,0,1,1
0.289,29,AF1984,AF1984.jpg,1,0,1
0.562,56,AF977,AF977.jpg,1,0,1
0.567,57,AF1941,AF1941.jpg,1,0,1
0.526,53,AF286,AF286.jpg,1,0,1
0.448,45,AF1389,AF1389.jpg,1,0,1
0.505,51,CF361,CF361.jpg,0,1,1
0.376,38,AF1008,AF1008.jpg,1,0,1
0.412,41,AF534,AF534.jpg,1,0,1
0.440,44,AF1274,AF1274.jpg,1,0,1
0.521,52,AF1876,AF1876.jpg,1,0,1
0.485,49,CF507,CF507.jpg,0,1,1
0.253,25,AF294,AF294.jpg,1,0,1
0.567,57,CF86,CF86.jpg,0,1,1
0.572,57,CF81,CF81.jpg,0,1,1
0.696,70,AF1912,AF1912.jpg,1,0,1
0.887,89,CF15,CF15.jpg,0,1,1
0.335,34,AF82,AF82.jpg,1,0,1
0.412,41,AF1284,AF1284.jpg,1,0,1
0.691,69,AF1684,AF1684.jpg,1,0,1
0.361,36,AF1970,AF1970.jpg,1,0,1
0.428,43,AF327,AF327.jpg,1,0,1
0.531,53,AF1708,AF1708.jpg,1,0,1
0.536,54,AF1812,AF1812.jpg,1,0,1
0.515,52,AF1314,AF1314.jpg,1,0,1
0.531,53,AF1530,AF1530.jpg,1,0,1
0.649,65,CF626,CF626.jpg,0,1,1
0.356,36,AF975,AF975.jpg,1,0,1
0.696,70,AF1620,AF1620.jpg,1,0,1
0.835,84,AF1594,AF1594.jpg,1,0,1
0.330,33,AF124,AF124.jpg,1,0,1
0.376,38,AF823,AF823.jpg,1,0,1
0.464,46,AF47,AF47.jpg,1,0,1
0.196,20,AF362,AF362.jpg,1,0,1
0.418,42,AF751,AF751.jpg,1,0,1
0.593,59,CF386,CF386.jpg,0,1,1
0.546,55,CF266,CF266.jpg,0,1,1
0.691,69,CF396,CF396.jpg,0,1,1
0.160,16,AF1771,AF1771.jpg,1,0,1
0.701,70,AF1675,AF1675.jpg,1,0,1
0.454,45,AF166,AF166.jpg,1,0,1
0.670,67,AF1526,AF1526.jpg,1,0,1
0.746,75,CF660,CF660.jpg,0,1,1
0.758,76,CF642,CF642.jpg,0,1,1
0.304,30,AF1043,AF1043.jpg,1,0,1
0.603,60,AF1412,AF1412.jpg,1,0,1
0.814,81,CF706,CF706.jpg,0,1,1
0.247,25,AF704,AF704.jpg,1,0,1
0.479,48,AF1075,AF1075.jpg,1,0,1
0.340,34,CF63,CF63.jpg,0,1,1
0.247,25,AF730,AF730.jpg,1,0,1
0.613,61,AF1072,AF1072.jpg,1,0,1
0.603,60,CF641,CF641.jpg,0,1,1
0.397,40,AF1954,AF1954.jpg,1,0,1
0.747,75,CF259,CF259.jpg,0,1,1
0.637,64,AF2000,AF2000.jpg,1,0,1
0.505,51,CF439,CF439.jpg,0,1,1
0.603,60,AF1611,AF1611.jpg,1,0,1
0.304,30,AF1369,AF1369.jpg,1,0,1
0.531,53,AF1647,AF1647.jpg,1,0,1
0.284,28,CF58,CF58.jpg,0,1,1
0.289,29,AF22,AF22.jpg,1,0,1
0.320,32,AF508,AF508.jpg,1,0,1
0.531,53,AF1591,AF1591.jpg,1,0,1
0.737,74,AF636,AF636.jpg,1,0,1
0.737,74,AF1816,AF1816.jpg,1,0,1
0.399,40,AF247,AF247.jpg,1,0,1
0.613,61,CF261,CF261.jpg,0,1,1
0.258,26,AF1300,AF1300.jpg,1,0,1
0.238,24,AF138,AF138.jpg,1,0,1
0.232,23,AF241,AF241.jpg,1,0,1
0.722,72,CF392,CF392.jpg,0,1,1
0.258,26,CF118,CF118.jpg,0,1,1
0.799,80,CF560,CF560.jpg,0,1,1
0.165,17,AF14,AF14.jpg,1,0,1
0.253,25,AF299,AF299.jpg,1,0,1
0.534,53,AF1596,AF1596.jpg,1,0,1
0.763,76,CF725,CF725.jpg,0,1,1
0.448,45,AF814,AF814.jpg,1,0,1
0.655,66,AF1671,AF1671.jpg,1,0,1
0.160,16,AF89,AF89.jpg,1,0,1
0.253,25,AF765,AF765.jpg,1,0,1
0.644,64,AF836,AF836.jpg,1,0,1
0.361,36,AF864,AF864.jpg,1,0,1
0.686,69,CF204,CF204.jpg,0,1,1
0.469,47,CF212,CF212.jpg,0,1,1
0.557,56,CF452,CF452.jpg,0,1,1
0.562,56,AF1211,AF1211.jpg,1,0,1
0.196,20,AF413,AF413.jpg,1,0,1
0.284,28,AF277,AF277.jpg,1,0,1
0.720,72,AF1494,AF1494.jpg,1,0,1
0.902,90,CF727,CF727.jpg,0,1,1
0.675,68,CF421,CF421.jpg,0,1,1
0.335,34,AF180,AF180.jpg,1,0,1
0.356,36,AF841,AF841.jpg,1,0,1
0.809,81,CF738,CF738.jpg,0,1,1
0.634,63,AF398,AF398.jpg,1,0,1
0.768,77,AF934,AF934.jpg,1,0,1
0.541,54,AF910,AF910.jpg,1,0,1
0.840,84,CF661,CF661.jpg,0,1,1
0.294,29,AF1814,AF1814.jpg,1,0,1
0.290,29,AF1085,AF1085.jpg,1,0,1
0.201,20,AF1005,AF1005.jpg,1,0,1
0.701,70,AF1299,AF1299.jpg,1,0,1
0.845,85,CF735,CF735.jpg,0,1,1
0.767,77,AF1981,AF1981.jpg,1,0,1
0.407,41,AF1951,AF1951.jpg,1,0,1
0.345,35,CF280,CF280.jpg,0,1,1
0.742,74,AF1910,AF1910.jpg,1,0,1
0.613,61,AF1850,AF1850.jpg,1,0,1
0.665,67,AF1635,AF1635.jpg,1,0,1
0.696,70,CF747,CF747.jpg,0,1,1
0.165,17,AF1935,AF1935.jpg,1,0,1
0.443,44,AF1821,AF1821.jpg,1,0,1
0.825,83,CF685,CF685.jpg,0,1,1
0.793,79,AF1360,AF1360.jpg,1,0,1
0.402,40,AF648,AF648.jpg,1,0,1
0.500,50,AF1541,AF1541.jpg,1,0,1
0.206,21,AF9,AF9.jpg,1,0,1
0.737,74,CF244,CF244.jpg,0,1,1
0.492,49,AF70,AF70.jpg,1,0,1
0.593,59,AF1535,AF1535.jpg,1,0,1
0.469,47,AF40,AF40.jpg,1,0,1
0.314,31,AF1450,AF1450.jpg,1,0,1
0.258,26,AF226,AF226.jpg,1,0,1
0.747,75,AF1445,AF1445.jpg,1,0,1
0.448,45,AF1042,AF1042.jpg,1,0,1
0.294,29,AF644,AF644.jpg,1,0,1
0.716,72,AF1291,AF1291.jpg,1,0,1
0.227,23,AF710,AF710.jpg,1,0,1
0.191,19,AF276,AF276.jpg,1,0,1
0.624,62,AF1392,AF1392.jpg,1,0,1
0.376,38,AF619,AF619.jpg,1,0,1
0.613,61,AF1922,AF1922.jpg,1,0,1
0.541,54,AF1432,AF1432.jpg,1,0,1
0.238,24,AF228,AF228.jpg,1,0,1
0.691,69,AF1422,AF1422.jpg,1,0,1
0.397,40,CF317,CF317.jpg,0,1,1
0.706,71,CF385,CF385.jpg,0,1,1
0.485,49,AF1869,AF1869.jpg,1,0,1
0.479,48,AF1722,AF1722.jpg,1,0,1
0.129,13,AF1968,AF1968.jpg,1,0,1
0.674,67,AF1298,AF1298.jpg,1,0,1
0.278,28,AF1975,AF1975.jpg,1,0,1
0.361,36,CF300,CF300.jpg,0,1,1
0.320,32,AF344,AF344.jpg,1,0,1
0.216,22,AF800,AF800.jpg,1,0,1
0.722,72,CF295,CF295.jpg,0,1,1
0.732,73,AF1429,AF1429.jpg,1,0,1
0.451,45,AF164,AF164.jpg,1,0,1
0.546,55,CF47,CF47.jpg,0,1,1
0.675,68,AF1697,AF1697.jpg,1,0,1
0.732,73,AF1528,AF1528.jpg,1,0,1
0.273,27,AF802,AF802.jpg,1,0,1
0.366,37,AF1379,AF1379.jpg,1,0,1
0.268,27,AF234,AF234.jpg,1,0,1
0.446,45,CF344,CF344.jpg,0,1,1
0.301,30,CF443,CF443.jpg,0,1,1
0.320,32,AF601,AF601.jpg,1,0,1
0.149,15,AF66,AF66.jpg,1,0,1
0.653,65,AF646,AF646.jpg,1,0,1
0.290,29,AF227,AF227.jpg,1,0,1
0.428,43,CF476,CF476.jpg,0,1,1
0.541,54,CF228,CF228.jpg,0,1,1
0.649,65,AF755,AF755.jpg,1,0,1
0.531,53,AF306,AF306.jpg,1,0,1
0.149,15,AF941,AF941.jpg,1,0,1
0.263,26,AF1778,AF1778.jpg,1,0,1
0.505,51,AF567,AF567.jpg,1,0,1
0.443,44,CF519,CF519.jpg,0,1,1
0.320,32,AF1913,AF1913.jpg,1,0,1
0.629,63,AF1495,AF1495.jpg,1,0,1
0.170,17,AF232,AF232.jpg,1,0,1
0.309,31,AF568,AF568.jpg,1,0,1
0.170,17,CF165,CF165.jpg,0,1,1
0.741,74,CF679,CF679.jpg,0,1,1
0.619,62,AF1400,AF1400.jpg,1,0,1
0.278,28,CF9992,CF9992.jpg,0,1,1
0.655,66,AF1397,AF1397.jpg,1,0,1
0.253,25,AF231,AF231.jpg,1,0,1
0.232,23,AF500,AF500.jpg,1,0,1
0.314,31,AF1928,AF1928.jpg,1,0,1
0.254,25,AF681,AF681.jpg,1,0,1
0.515,52,AF328,AF328.jpg,1,0,1
0.830,83,CF731,CF731.jpg,0,1,1
0.356,36,AF522,AF522.jpg,1,0,1
0.247,25,AF993,AF993.jpg,1,0,1
0.469,47,AF1780,AF1780.jpg,1,0,1
0.247,25,AF221,AF221.jpg,1,0,1
0.737,74,CF557,CF557.jpg,0,1,1
0.649,65,AF503,AF503.jpg,1,0,1
0.108,11,AF148,AF148.jpg,1,0,1
0.663,66,AF1839,AF1839.jpg,1,0,1
0.711,71,AF1031,AF1031.jpg,1,0,1
0.526,53,CF178,CF178.jpg,0,1,1
0.701,70,AF1170,AF1170.jpg,1,0,1
0.361,36,AF763,AF763.jpg,1,0,1
0.222,22,CF9997,CF9997.jpg,0,1,1
0.737,74,AF928,AF928.jpg,1,0,1
0.459,46,AF1858,AF1858.jpg,1,0,1
0.536,54,AF597,AF597.jpg,1,0,1
0.665,67,AF983,AF983.jpg,1,0,1
0.301,30,AF136,AF136.jpg,1,0,1
0.402,40,AF1648,AF1648.jpg,1,0,1
0.320,32,AF560,AF560.jpg,1,0,1
0.809,81,AF1191,AF1191.jpg,1,0,1
0.580,58,AF1393,AF1393.jpg,1,0,1
0.392,39,AF75,AF75.jpg,1,0,1
0.789,79,AF1806,AF1806.jpg,1,0,1
0.665,67,CF445,CF445.jpg,0,1,1
0.495,50,CF230,CF230.jpg,0,1,1
0.835,84,CF616,CF616.jpg,0,1,1
0.325,33,AF1758,AF1758.jpg,1,0,1
0.639,64,AF244,AF244.jpg,1,0,1
0.680,68,AF738,AF738.jpg,1,0,1
0.619,62,AF673,AF673.jpg,1,0,1
0.392,39,AF617,AF617.jpg,1,0,1
0.459,46,AF325,AF325.jpg,1,0,1
0.546,55,AF189,AF189.jpg,1,0,1
0.371,37,AF591,AF591.jpg,1,0,1
0.639,64,AF1791,AF1791.jpg,1,0,1
0.582,58,AF1673,AF1673.jpg,1,0,1
0.201,20,AF608,AF608.jpg,1,0,1
0.495,50,AF1203,AF1203.jpg,1,0,1
0.660,66,AF1169,AF1169.jpg,1,0,1
0.732,73,AF1476,AF1476.jpg,1,0,1
0.603,60,AF845,AF845.jpg,1,0,1
0.371,37,AF206,AF206.jpg,1,0,1
0.479,48,AF145,AF145.jpg,1,0,1
0.433,43,AF1214,AF1214.jpg,1,0,1
0.376,38,AF920,AF920.jpg,1,0,1
0.191,19,AF270,AF270.jpg,1,0,1
0.381,38,CF494,CF494.jpg,0,1,1
0.593,59,AF1206,AF1206.jpg,1,0,1
0.716,72,AF1687,AF1687.jpg,1,0,1
0.660,66,CF9973,CF9973.jpg,0,1,1
0.371,37,AF737,AF737.jpg,1,0,1
0.191,19,AF1040,AF1040.jpg,1,0,1
0.577,58,CF398,CF398.jpg,0,1,1
0.443,44,AF383,AF383.jpg,1,0,1
0.731,73,AF1196,AF1196.jpg,1,0,1
0.335,34,CF198,CF198.jpg,0,1,1
0.660,66,CF246,CF246.jpg,0,1,1
0.624,62,AF1238,AF1238.jpg,1,0,1
0.825,83,CF580,CF580.jpg,0,1,1
0.335,34,AF741,AF741.jpg,1,0,1
0.428,43,AF956,AF956.jpg,1,0,1
0.825,83,AF1083,AF1083.jpg,1,0,1
0.866,87,CF651,CF651.jpg,0,1,1
0.340,34,CF46,CF46.jpg,0,1,1
0.680,68,AF1344,AF1344.jpg,1,0,1
0.732,73,AF105,AF105.jpg,1,0,1
0.732,73,AF1406,AF1406.jpg,1,0,1
0.608,61,CF68,CF68.jpg,0,1,1
0.773,77,CF99,CF99.jpg,0,1,1
0.505,51,AF1165,AF1165.jpg,1,0,1
0.420,42,AF1229,AF1229.jpg,1,0,1
0.387,39,AF235,AF235.jpg,1,0,1
0.500,50,AF659,AF659.jpg,1,0,1
0.290,29,AF1216,AF1216.jpg,1,0,1
0.768,77,CF585,CF585.jpg,0,1,1
0.557,56,AF1718,AF1718.jpg,1,0,1
0.392,39,AF8,AF8.jpg,1,0,1
0.619,62,AF1312,AF1312.jpg,1,0,1
0.088,9,AF757,AF757.jpg,1,0,1
0.469,47,AF1835,AF1835.jpg,1,0,1
0.644,64,AF1257,AF1257.jpg,1,0,1
0.222,22,AF51,AF51.jpg,1,0,1
0.402,40,AF1391,AF1391.jpg,1,0,1
0.613,61,AF938,AF938.jpg,1,0,1
0.170,17,AF5,AF5.jpg,1,0,1
0.454,45,AF450,AF450.jpg,1,0,1
0.443,44,AF463,AF463.jpg,1,0,1
0.627,63,AF1198,AF1198.jpg,1,0,1
0.691,69,CF483,CF483.jpg,0,1,1
0.340,34,AF16,AF16.jpg,1,0,1
0.438,44,AF263,AF263.jpg,1,0,1
0.198,20,AF874,AF874.jpg,1,0,1
0.284,28,CF9994,CF9994.jpg,0,1,1
0.670,67,AF1617,AF1617.jpg,1,0,1
0.660,66,AF882,AF882.jpg,1,0,1
0.701,70,AF1447,AF1447.jpg,1,0,1
0.526,53,AF1378,AF1378.jpg,1,0,1
0.206,21,AF210,AF210.jpg,1,0,1
0.706,71,AF1102,AF1102.jpg,1,0,1
0.356,36,AF295,AF295.jpg,1,0,1
0.603,60,AF1362,AF1362.jpg,1,0,1
0.701,70,AF952,AF952.jpg,1,0,1
0.549,55,AF1679,AF1679.jpg,1,0,1
0.552,55,AF1589,AF1589.jpg,1,0,1
0.711,71,AF1559,AF1559.jpg,1,0,1
0.701,70,AF840,AF840.jpg,1,0,1
0.119,12,AF1025,AF1025.jpg,1,0,1
0.732,73,AF1171,AF1171.jpg,1,0,1
0.392,39,AF1774,AF1774.jpg,1,0,1
0.314,31,AF18,AF18.jpg,1,0,1
0.794,79,CF14,CF14.jpg,0,1,1
0.686,69,AF1752,AF1752.jpg,1,0,1
0.299,30,AF376,AF376.jpg,1,0,1
0.268,27,AF652,AF652.jpg,1,0,1
0.598,60,CF111,CF111.jpg,0,1,1
0.689,69,AF561,AF561.jpg,1,0,1
0.284,28,AF584,AF584.jpg,1,0,1
0.340,34,AF1010,AF1010.jpg,1,0,1
0.572,57,CF522,CF522.jpg,0,1,1
0.660,66,CF467,CF467.jpg,0,1,1
0.510,51,CF105,CF105.jpg,0,1,1
0.186,19,AF1999,AF1999.jpg,1,0,1
0.454,45,AF677,AF677.jpg,1,0,1
0.613,61,AF1232,AF1232.jpg,1,0,1
0.634,63,AF1022,AF1022.jpg,1,0,1
0.454,45,AF577,AF577.jpg,1,0,1
0.216,22,AF339,AF339.jpg,1,0,1
0.340,34,AF837,AF837.jpg,1,0,1
0.639,64,AF1024,AF1024.jpg,1,0,1
0.490,49,CF278,CF278.jpg,0,1,1
0.191,19,AF1991,AF1991.jpg,1,0,1
0.443,44,AF547,AF547.jpg,1,0,1
0.691,69,CF541,CF541.jpg,0,1,1
0.454,45,AF175,AF175.jpg,1,0,1
0.804,80,CF554,CF554.jpg,0,1,1
0.423,42,AF966,AF966.jpg,1,0,1
0.655,66,AF1773,AF1773.jpg,1,0,1
0.588,59,AF1424,AF1424.jpg,1,0,1
0.716,72,AF926,AF926.jpg,1,0,1
0.330,33,CF318,CF318.jpg,0,1,1
0.245,25,AF544,AF544.jpg,1,0,1
0.103,10,AF1453,AF1453.jpg,1,0,1
0.736,74,AF1661,AF1661.jpg,1,0,1
0.273,27,CF154,CF154.jpg,0,1,1
0.866,87,CF217,CF217.jpg,0,1,1
0.451,45,AF378,AF378.jpg,1,0,1
0.881,88,CF611,CF611.jpg,0,1,1
0.376,38,AF1248,AF1248.jpg,1,0,1
0.513,51,AF1546,AF1546.jpg,1,0,1
0.753,75,CF470,CF470.jpg,0,1,1
0.469,47,AF108,AF108.jpg,1,0,1
0.113,11,AF1976,AF1976.jpg,1,0,1
0.314,31,AF1796,AF1796.jpg,1,0,1
0.582,58,AF1956,AF1956.jpg,1,0,1
0.361,36,AF714,AF714.jpg,1,0,1
0.603,60,AF551,AF551.jpg,1,0,1
0.706,71,AF1613,AF1613.jpg,1,0,1
0.330,33,AF273,AF273.jpg,1,0,1
0.732,73,AF994,AF994.jpg,1,0,1
0.505,51,AF1779,AF1779.jpg,1,0,1
0.655,66,AF1904,AF1904.jpg,1,0,1
0.541,54,AF1842,AF1842.jpg,1,0,1
0.490,49,AF1877,AF1877.jpg,1,0,1
0.448,45,AF735,AF735.jpg,1,0,1
0.376,38,AF819,AF819.jpg,1,0,1
0.196,20,AF752,AF752.jpg,1,0,1
0.170,17,AF922,AF922.jpg,1,0,1
0.593,59,AF1755,AF1755.jpg,1,0,1
0.314,31,AF419,AF419.jpg,1,0,1
0.668,67,AF1116,AF1116.jpg,1,0,1
0.541,54,CF146,CF146.jpg,0,1,1
0.778,78,AF1016,AF1016.jpg,1,0,1
0.309,31,CF472,CF472.jpg,0,1,1
0.469,47,AF446,AF446.jpg,1,0,1
0.617,62,CF395,CF395.jpg,0,1,1
0.397,40,AF1784,AF1784.jpg,1,0,1
0.809,81,CF609,CF609.jpg,0,1,1
0.345,35,AF212,AF212.jpg,1,0,1
0.505,51,AF859,AF859.jpg,1,0,1
0.387,39,CF231,CF231.jpg,0,1,1
0.716,72,AF1320,AF1320.jpg,1,0,1
0.577,58,AF1710,AF1710.jpg,1,0,1
0.495,50,AF606,AF606.jpg,1,0,1
0.510,51,CF518,CF518.jpg,0,1,1
0.309,31,AF805,AF805.jpg,1,0,1
0.402,40,CF159,CF159.jpg,0,1,1
0.459,46,AF1507,AF1507.jpg,1,0,1
0.655,66,AF1520,AF1520.jpg,1,0,1
0.577,58,AF1554,AF1554.jpg,1,0,1
0.371,37,AF282,AF282.jpg,1,0,1
0.402,40,AF574,AF574.jpg,1,0,1
0.619,62,AF1811,AF1811.jpg,1,0,1
0.758,76,AF1106,AF1106.jpg,1,0,1
0.340,34,AF483,AF483.jpg,1,0,1
0.675,68,AF1462,AF1462.jpg,1,0,1
0.500,50,AF703,AF703.jpg,1,0,1
0.741,74,AF880,AF880.jpg,1,0,1
0.345,35,CF533,CF533.jpg,0,1,1
0.273,27,AF43,AF43.jpg,1,0,1
0.789,79,CF630,CF630.jpg,0,1,1
0.613,61,AF1419,AF1419.jpg,1,0,1
0.149,15,AF287,AF287.jpg,1,0,1
0.624,62,AF984,AF984.jpg,1,0,1
0.397,40,CF354,CF354.jpg,0,1,1
0.536,54,CF531,CF531.jpg,0,1,1
0.902,90,CF666,CF666.jpg,0,1,1
0.557,56,AF1915,AF1915.jpg,1,0,1
0.686,69,AF1068,AF1068.jpg,1,0,1
0.510,51,AF1329,AF1329.jpg,1,0,1
0.332,33,CF62,CF62.jpg,0,1,1
0.387,39,CF60,CF60.jpg,0,1,1
0.613,61,AF1657,AF1657.jpg,1,0,1
0.469,47,AF349,AF349.jpg,1,0,1
0.660,66,AF1017,AF1017.jpg,1,0,1
0.459,46,AF1411,AF1411.jpg,1,0,1
0.237,24,AF988,AF988.jpg,1,0,1
0.371,37,AF415,AF415.jpg,1,0,1
0.768,77,AF885,AF885.jpg,1,0,1
0.325,33,AF410,AF410.jpg,1,0,1
0.320,32,AF585,AF585.jpg,1,0,1
0.845,85,CF618,CF618.jpg,0,1,1
0.320,32,AF1173,AF1173.jpg,1,0,1
0.304,30,CF207,CF207.jpg,0,1,1
0.273,27,AF382,AF382.jpg,1,0,1
0.227,23,CF281,CF281.jpg,0,1,1
0.495,50,AF283,AF283.jpg,1,0,1
0.598,60,AF1301,AF1301.jpg,1,0,1
0.784,78,AF1901,AF1901.jpg,1,0,1
0.376,38,CF66,CF66.jpg,0,1,1
0.299,30,AF717,AF717.jpg,1,0,1
0.428,43,AF137,AF137.jpg,1,0,1
0.634,63,AF1807,AF1807.jpg,1,0,1
0.557,56,CF77,CF77.jpg,0,1,1
0.268,27,AF831,AF831.jpg,1,0,1
0.762,76,AF1533,AF1533.jpg,1,0,1
0.562,56,AF582,AF582.jpg,1,0,1
0.732,73,AF1909,AF1909.jpg,1,0,1
0.397,40,AF153,AF153.jpg,1,0,1
0.799,80,CF544,CF544.jpg,0,1,1
0.438,44,AF1281,AF1281.jpg,1,0,1
0.531,53,AF1593,AF1593.jpg,1,0,1
0.366,37,CF438,CF438.jpg,0,1,1
0.716,72,AF1110,AF1110.jpg,1,0,1
0.289,29,AF691,AF691.jpg,1,0,1
0.825,83,CF589,CF589.jpg,0,1,1
0.510,51,AF19,AF19.jpg,1,0,1
0.258,26,CF9998,CF9998.jpg,0,1,1
0.479,48,AF371,AF371.jpg,1,0,1
0.694,69,AF921,AF921.jpg,1,0,1
0.588,59,CF325,CF325.jpg,0,1,1
0.402,40,AF1315,AF1315.jpg,1,0,1
0.320,32,CF485,CF485.jpg,0,1,1
0.387,39,AF95,AF95.jpg,1,0,1
0.176,18,AF1066,AF1066.jpg,1,0,1
0.423,42,CF75,CF75.jpg,0,1,1
0.536,54,AF1905,AF1905.jpg,1,0,1
0.387,39,CF321,CF321.jpg,0,1,1
0.294,29,AF293,AF293.jpg,1,0,1
0.397,40,CF474,CF474.jpg,0,1,1
0.711,71,CF664,CF664.jpg,0,1,1
0.430,43,AF519,AF519.jpg,1,0,1
0.490,49,AF1907,AF1907.jpg,1,0,1
0.160,16,AF1859,AF1859.jpg,1,0,1
0.804,80,CF730,CF730.jpg,0,1,1
0.557,56,AF1577,AF1577.jpg,1,0,1
0.508,51,AF1792,AF1792.jpg,1,0,1
0.649,65,AF1205,AF1205.jpg,1,0,1
0.289,29,CF121,CF121.jpg,0,1,1
0.701,70,AF1370,AF1370.jpg,1,0,1
0.278,28,AF335,AF335.jpg,1,0,1
0.160,16,AF1866,AF1866.jpg,1,0,1
0.309,31,AF901,AF901.jpg,1,0,1
0.606,61,AF927,AF927.jpg,1,0,1
0.746,75,AF724,AF724.jpg,1,0,1
0.784,78,CF610,CF610.jpg,0,1,1
0.299,30,AF900,AF900.jpg,1,0,1
0.835,84,CF596,CF596.jpg,0,1,1
0.387,39,CF481,CF481.jpg,0,1,1
0.490,49,AF46,AF46.jpg,1,0,1
0.284,28,AF28,AF28.jpg,1,0,1
0.469,47,AF1356,AF1356.jpg,1,0,1
0.299,30,AF1884,AF1884.jpg,1,0,1
0.330,33,AF672,AF672.jpg,1,0,1
0.722,72,AF1094,AF1094.jpg,1,0,1
0.459,46,CF227,CF227.jpg,0,1,1
0.763,76,AF1472,AF1472.jpg,1,0,1
0.469,47,CF442,CF442.jpg,0,1,1
0.201,20,AF806,AF806.jpg,1,0,1
0.732,73,AF1340,AF1340.jpg,1,0,1
0.582,58,AF935,AF935.jpg,1,0,1
0.448,45,AF1114,AF1114.jpg,1,0,1
0.799,80,CF724,CF724.jpg,0,1,1
0.345,35,CF203,CF203.jpg,0,1,1
0.253,25,AF55,AF55.jpg,1,0,1
0.472,47,AF17,AF17.jpg,1,0,1
0.407,41,CF387,CF387.jpg,0,1,1
0.655,66,AF1222,AF1222.jpg,1,0,1
0.412,41,AF1150,AF1150.jpg,1,0,1
0.211,21,CF87,CF87.jpg,0,1,1
0.536,54,CF173,CF173.jpg,0,1,1
0.268,27,AF829,AF829.jpg,1,0,1
0.675,68,CF61,CF61.jpg,0,1,1
0.784,78,AF1062,AF1062.jpg,1,0,1
0.598,60,CF215,CF215.jpg,0,1,1
0.505,51,AF1576,AF1576.jpg,1,0,1
0.474,47,AF699,AF699.jpg,1,0,1
0.412,41,AF856,AF856.jpg,1,0,1
0.294,29,CF78,CF78.jpg,0,1,1
0.206,21,AF532,AF532.jpg,1,0,1
0.577,58,AF1660,AF1660.jpg,1,0,1
0.381,38,AF188,AF188.jpg,1,0,1
0.304,30,AF386,AF386.jpg,1,0,1
0.567,57,CF36,CF36.jpg,0,1,1
0.366,37,AF607,AF607.jpg,1,0,1
0.495,50,AF973,AF973.jpg,1,0,1
0.660,66,CF391,CF391.jpg,0,1,1
0.299,30,AF512,AF512.jpg,1,0,1
0.356,36,CF71,CF71.jpg,0,1,1
0.691,69,AF317,AF317.jpg,1,0,1
0.330,33,AF1123,AF1123.jpg,1,0,1
0.448,45,AF1760,AF1760.jpg,1,0,1
0.526,53,AF726,AF726.jpg,1,0,1
0.433,43,AF478,AF478.jpg,1,0,1
0.722,72,AF1914,AF1914.jpg,1,0,1
0.454,45,AF635,AF635.jpg,1,0,1
0.515,52,CF383,CF383.jpg,0,1,1
0.510,51,CF746,CF746.jpg,0,1,1
0.727,73,CF726,CF726.jpg,0,1,1
0.675,68,AF1551,AF1551.jpg,1,0,1
0.448,45,AF981,AF981.jpg,1,0,1
0.639,64,AF675,AF675.jpg,1,0,1
0.423,42,AF194,AF194.jpg,1,0,1
0.326,33,AF1363,AF1363.jpg,1,0,1
0.794,79,CF18,CF18.jpg,0,1,1
0.170,17,AF939,AF939.jpg,1,0,1
0.596,60,AF30,AF30.jpg,1,0,1
0.320,32,AF628,AF628.jpg,1,0,1
0.866,87,CF552,CF552.jpg,0,1,1
0.526,53,AF1107,AF1107.jpg,1,0,1
0.335,34,AF1934,AF1934.jpg,1,0,1
0.510,51,CF368,CF368.jpg,0,1,1
0.675,68,CF168,CF168.jpg,0,1,1
0.232,23,AF262,AF262.jpg,1,0,1
0.680,68,AF1556,AF1556.jpg,1,0,1
0.222,22,AF298,AF298.jpg,1,0,1
0.170,17,AF459,AF459.jpg,1,0,1
0.299,30,AF498,AF498.jpg,1,0,1
0.624,62,AF1308,AF1308.jpg,1,0,1
0.340,34,AF686,AF686.jpg,1,0,1
0.546,55,AF1836,AF1836.jpg,1,0,1
0.490,49,AF1178,AF1178.jpg,1,0,1
0.211,21,AF190,AF190.jpg,1,0,1
0.653,65,AF402,AF402.jpg,1,0,1
0.464,46,CF401,CF401.jpg,0,1,1
0.523,52,AF690,AF690.jpg,1,0,1
0.423,42,AF780,AF780.jpg,1,0,1
0.670,67,CF505,CF505.jpg,0,1,1
0.588,59,AF1772,AF1772.jpg,1,0,1
0.892,89,CF665,CF665.jpg,0,1,1
0.711,71,AF1985,AF1985.jpg,1,0,1
0.335,34,AF1994,AF1994.jpg,1,0,1
0.284,28,CF84,CF84.jpg,0,1,1
0.428,43,CF458,CF458.jpg,0,1,1
0.536,54,AF1759,AF1759.jpg,1,0,1
0.253,25,AF414,AF414.jpg,1,0,1
0.768,77,AF1973,AF1973.jpg,1,0,1
0.268,27,AF350,AF350.jpg,1,0,1
0.397,40,AF1940,AF1940.jpg,1,0,1
0.722,72,AF1838,AF1838.jpg,1,0,1
0.701,70,AF1156,AF1156.jpg,1,0,1
0.619,62,AF1177,AF1177.jpg,1,0,1
0.397,40,CF234,CF234.jpg,0,1,1
0.701,70,AF1565,AF1565.jpg,1,0,1
0.670,67,AF409,AF409.jpg,1,0,1
0.665,67,AF633,AF633.jpg,1,0,1
0.639,64,AF1409,AF1409.jpg,1,0,1
0.788,79,CF748,CF748.jpg,0,1,1
0.665,67,AF41,AF41.jpg,1,0,1
0.619,62,AF697,AF697.jpg,1,0,1
0.691,69,AF1580,AF1580.jpg,1,0,1
0.531,53,AF369,AF369.jpg,1,0,1
0.784,78,AF783,AF783.jpg,1,0,1
0.546,55,AF1846,AF1846.jpg,1,0,1
0.634,63,AF1244,AF1244.jpg,1,0,1
0.670,67,AF1719,AF1719.jpg,1,0,1
0.531,53,AF1833,AF1833.jpg,1,0,1
0.716,72,AF1302,AF1302.jpg,1,0,1
0.845,85,CF710,CF710.jpg,0,1,1
0.423,42,CF9985,CF9985.jpg,0,1,1
0.304,30,AF156,AF156.jpg,1,0,1
0.701,70,AF1208,AF1208.jpg,1,0,1
0.881,88,CF25,CF25.jpg,0,1,1
0.521,52,AF775,AF775.jpg,1,0,1
0.603,60,AF1207,AF1207.jpg,1,0,1
0.175,18,AF1946,AF1946.jpg,1,0,1
0.351,35,CF459,CF459.jpg,0,1,1
0.469,47,AF797,AF797.jpg,1,0,1
0.634,63,AF1466,AF1466.jpg,1,0,1
0.655,66,AF930,AF930.jpg,1,0,1
0.534,53,AF848,AF848.jpg,1,0,1
0.433,43,AF427,AF427.jpg,1,0,1
0.634,63,CF271,CF271.jpg,0,1,1
0.830,83,AF1319,AF1319.jpg,1,0,1
0.412,41,AF615,AF615.jpg,1,0,1
0.613,61,AF1055,AF1055.jpg,1,0,1
0.201,20,AF789,AF789.jpg,1,0,1
0.253,25,AF986,AF986.jpg,1,0,1
0.725,73,AF1199,AF1199.jpg,1,0,1
0.301,30,AF1332,AF1332.jpg,1,0,1
0.577,58,AF1624,AF1624.jpg,1,0,1
0.264,26,AF320,AF320.jpg,1,0,1
0.680,68,AF1983,AF1983.jpg,1,0,1
0.412,41,AF1939,AF1939.jpg,1,0,1
0.356,36,AF888,AF888.jpg,1,0,1
0.278,28,AF1880,AF1880.jpg,1,0,1
0.497,50,AF949,AF949.jpg,1,0,1
0.691,69,AF1387,AF1387.jpg,1,0,1
0.629,63,AF1989,AF1989.jpg,1,0,1
0.813,81,CF676,CF676.jpg,0,1,1
0.139,14,AF788,AF788.jpg,1,0,1
0.412,41,AF733,AF733.jpg,1,0,1
0.665,67,CF363,CF363.jpg,0,1,1
0.222,22,AF255,AF255.jpg,1,0,1
0.186,19,AF706,AF706.jpg,1,0,1
0.582,58,AF1234,AF1234.jpg,1,0,1
0.258,26,AF828,AF828.jpg,1,0,1
0.387,39,AF393,AF393.jpg,1,0,1
0.686,69,CF593,CF593.jpg,0,1,1
0.619,62,AF1874,AF1874.jpg,1,0,1
0.772,77,CF699,CF699.jpg,0,1,1
0.634,63,CF342,CF342.jpg,0,1,1
0.644,64,AF1402,AF1402.jpg,1,0,1
0.649,65,AF1714,AF1714.jpg,1,0,1
0.674,67,AF1754,AF1754.jpg,1,0,1
0.387,39,AF88,AF88.jpg,1,0,1
0.433,43,AF1847,AF1847.jpg,1,0,1
0.495,50,AF820,AF820.jpg,1,0,1
0.490,49,AF1532,AF1532.jpg,1,0,1
0.794,79,AF1175,AF1175.jpg,1,0,1
0.887,89,CF107,CF107.jpg,0,1,1
0.495,50,AF32,AF32.jpg,1,0,1
0.180,18,AF61,AF61.jpg,1,0,1
0.856,86,CF22,CF22.jpg,0,1,1
0.680,68,AF1640,AF1640.jpg,1,0,1
0.557,56,AF1183,AF1183.jpg,1,0,1
0.562,56,CF115,CF115.jpg,0,1,1
0.495,50,AF734,AF734.jpg,1,0,1
0.649,65,AF1266,AF1266.jpg,1,0,1
0.165,17,AF497,AF497.jpg,1,0,1
0.763,76,CF650,CF650.jpg,0,1,1
0.572,57,AF1136,AF1136.jpg,1,0,1
0.206,21,AF821,AF821.jpg,1,0,1
0.211,21,AF911,AF911.jpg,1,0,1
0.675,68,AF1547,AF1547.jpg,1,0,1
0.139,14,AF496,AF496.jpg,1,0,1
0.716,72,AF1582,AF1582.jpg,1,0,1
0.598,60,AF1334,AF1334.jpg,1,0,1
0.376,38,CF140,CF140.jpg,0,1,1
0.778,78,CF284,CF284.jpg,0,1,1
0.448,45,CF123,CF123.jpg,0,1,1
0.207,21,CF138,CF138.jpg,0,1,1
0.629,63,AF1231,AF1231.jpg,1,0,1
0.701,70,AF1309,AF1309.jpg,1,0,1
0.371,37,CF223,CF223.jpg,0,1,1
0.649,65,AF1442,AF1442.jpg,1,0,1
0.686,69,CF720,CF720.jpg,0,1,1
0.768,77,CF299,CF299.jpg,0,1,1
0.644,64,AF1224,AF1224.jpg,1,0,1
0.582,58,AF1918,AF1918.jpg,1,0,1
0.820,82,CF590,CF590.jpg,0,1,1
0.689,69,AF395,AF395.jpg,1,0,1
0.639,64,AF1408,AF1408.jpg,1,0,1
0.249,25,AF24,AF24.jpg,1,0,1
0.309,31,AF505,AF505.jpg,1,0,1
0.160,16,AF1768,AF1768.jpg,1,0,1
0.521,52,AF1427,AF1427.jpg,1,0,1
0.510,51,AF1929,AF1929.jpg,1,0,1
0.539,54,AF1233,AF1233.jpg,1,0,1
0.351,35,AF102,AF102.jpg,1,0,1
0.722,72,AF1615,AF1615.jpg,1,0,1
0.361,36,AF106,AF106.jpg,1,0,1
0.273,27,AF101,AF101.jpg,1,0,1
0.536,54,AF1484,AF1484.jpg,1,0,1
0.381,38,AF1053,AF1053.jpg,1,0,1
0.263,26,AF123,AF123.jpg,1,0,1
0.505,51,CF473,CF473.jpg,0,1,1
0.793,79,AF1676,AF1676.jpg,1,0,1
0.487,49,CF328,CF328.jpg,0,1,1
0.186,19,AF1273,AF1273.jpg,1,0,1
0.856,86,CF652,CF652.jpg,0,1,1
0.572,57,AF209,AF209.jpg,1,0,1
0.536,54,AF1864,AF1864.jpg,1,0,1
0.541,54,AF1095,AF1095.jpg,1,0,1
0.680,68,AF1977,AF1977.jpg,1,0,1
0.521,52,CF287,CF287.jpg,0,1,1
0.330,33,AF656,AF656.jpg,1,0,1
0.376,38,AF739,AF739.jpg,1,0,1
0.325,33,AF992,AF992.jpg,1,0,1
0.438,44,CF82,CF82.jpg,0,1,1
0.392,39,CF114,CF114.jpg,0,1,1
0.309,31,AF540,AF540.jpg,1,0,1
0.314,31,CF226,CF226.jpg,0,1,1
0.347,35,AF535,AF535.jpg,1,0,1
0.655,66,AF1317,AF1317.jpg,1,0,1
0.665,67,AF1167,AF1167.jpg,1,0,1
0.098,10,AF1631,AF1631.jpg,1,0,1
0.876,88,CF744,CF744.jpg,0,1,1
0.567,57,AF1026,AF1026.jpg,1,0,1
0.397,40,AF1715,AF1715.jpg,1,0,1
0.582,58,CF180,CF180.jpg,0,1,1
0.679,68,AF236,AF236.jpg,1,0,1
0.531,53,AF1575,AF1575.jpg,1,0,1
0.407,41,AF159,AF159.jpg,1,0,1
0.268,27,AF979,AF979.jpg,1,0,1
0.387,39,CF454,CF454.jpg,0,1,1
0.469,47,AF611,AF611.jpg,1,0,1
0.639,64,AF1908,AF1908.jpg,1,0,1
0.845,85,CF637,CF637.jpg,0,1,1
0.134,13,AF708,AF708.jpg,1,0,1
0.345,35,AF426,AF426.jpg,1,0,1
0.799,80,CF740,CF740.jpg,0,1,1
0.598,60,AF330,AF330.jpg,1,0,1
0.289,29,AF1044,AF1044.jpg,1,0,1
0.399,40,CF422,CF422.jpg,0,1,1
0.845,85,CF89,CF89.jpg,0,1,1
0.320,32,AF740,AF740.jpg,1,0,1
0.588,59,AF1898,AF1898.jpg,1,0,1
0.809,81,CF577,CF577.jpg,0,1,1
0.856,86,CF646,CF646.jpg,0,1,1
0.758,76,AF1221,AF1221.jpg,1,0,1
0.495,50,AF1461,AF1461.jpg,1,0,1
0.742,74,AF1135,AF1135.jpg,1,0,1
0.258,26,AF305,AF305.jpg,1,0,1
0.593,59,AF548,AF548.jpg,1,0,1
0.149,15,AF1350,AF1350.jpg,1,0,1
0.233,23,AF1942,AF1942.jpg,1,0,1
0.686,69,AF1728,AF1728.jpg,1,0,1
0.887,89,CF621,CF621.jpg,0,1,1
0.562,56,AF655,AF655.jpg,1,0,1
0.495,50,AF1336,AF1336.jpg,1,0,1
0.289,29,AF313,AF313.jpg,1,0,1
0.653,65,CF346,CF346.jpg,0,1,1
0.510,51,AF502,AF502.jpg,1,0,1
0.753,75,CF575,CF575.jpg,0,1,1
0.294,29,AF667,AF667.jpg,1,0,1
0.479,48,CF293,CF293.jpg,0,1,1
0.433,43,AF442,AF442.jpg,1,0,1
0.629,63,AF1148,AF1148.jpg,1,0,1
0.381,38,CF460,CF460.jpg,0,1,1
0.680,68,AF1058,AF1058.jpg,1,0,1
0.552,55,AF1857,AF1857.jpg,1,0,1
0.634,63,AF1433,AF1433.jpg,1,0,1
0.275,28,AF1138,AF1138.jpg,1,0,1
0.469,47,AF1460,AF1460.jpg,1,0,1
0.619,62,AF600,AF600.jpg,1,0,1
0.701,70,AF1251,AF1251.jpg,1,0,1
0.366,37,AF460,AF460.jpg,1,0,1
0.593,59,CF106,CF106.jpg,0,1,1
0.526,53,AF1504,AF1504.jpg,1,0,1
0.820,82,CF675,CF675.jpg,0,1,1
0.830,83,CF582,CF582.jpg,0,1,1
0.438,44,AF1061,AF1061.jpg,1,0,1
0.649,65,AF1666,AF1666.jpg,1,0,1
0.572,57,CF239,CF239.jpg,0,1,1
0.459,46,AF1861,AF1861.jpg,1,0,1
0.320,32,AF1007,AF1007.jpg,1,0,1
0.294,29,CF255,CF255.jpg,0,1,1
0.459,46,AF311,AF311.jpg,1,0,1
0.448,45,AF702,AF702.jpg,1,0,1
0.756,76,AF1741,AF1741.jpg,1,0,1
0.485,49,AF1606,AF1606.jpg,1,0,1
0.552,55,AF1982,AF1982.jpg,1,0,1
0.335,34,AF3,AF3.jpg,1,0,1
0.325,33,AF1067,AF1067.jpg,1,0,1
0.675,68,AF950,AF950.jpg,1,0,1
0.320,32,AF107,AF107.jpg,1,0,1
0.577,58,CF141,CF141.jpg,0,1,1
0.356,36,CF389,CF389.jpg,0,1,1
0.273,27,AF370,AF370.jpg,1,0,1
0.366,37,AF204,AF204.jpg,1,0,1
0.304,30,CF303,CF303.jpg,0,1,1
0.443,44,AF451,AF451.jpg,1,0,1
0.490,49,AF727,AF727.jpg,1,0,1
0.541,54,CF51,CF51.jpg,0,1,1
0.613,61,AF1717,AF1717.jpg,1,0,1
0.415,42,AF1948,AF1948.jpg,1,0,1
0.237,24,AF1383,AF1383.jpg,1,0,1
0.648,65,AF1536,AF1536.jpg,1,0,1
0.170,17,AF1750,AF1750.jpg,1,0,1
0.784,78,CF545,CF545.jpg,0,1,1
0.383,38,CF477,CF477.jpg,0,1,1
0.330,33,AF117,AF117.jpg,1,0,1
0.644,64,AF1297,AF1297.jpg,1,0,1
0.273,27,AF1,AF1.jpg,1,0,1
0.593,59,AF1426,AF1426.jpg,1,0,1
0.304,30,AF713,AF713.jpg,1,0,1
0.510,51,AF1902,AF1902.jpg,1,0,1
0.729,73,AF1867,AF1867.jpg,1,0,1
0.366,37,AF452,AF452.jpg,1,0,1
0.526,53,AF421,AF421.jpg,1,0,1
0.722,72,AF300,AF300.jpg,1,0,1
0.345,35,AF336,AF336.jpg,1,0,1
0.232,23,CF322,CF322.jpg,0,1,1
0.521,52,AF1519,AF1519.jpg,1,0,1
0.753,75,CF696,CF696.jpg,0,1,1
0.768,77,CF741,CF741.jpg,0,1,1
0.546,55,AF1794,AF1794.jpg,1,0,1
0.345,35,CF74,CF74.jpg,0,1,1
0.773,77,CF718,CF718.jpg,0,1,1
0.366,37,AF583,AF583.jpg,1,0,1
0.299,30,AF1188,AF1188.jpg,1,0,1
0.634,63,AF872,AF872.jpg,1,0,1
0.253,25,AF422,AF422.jpg,1,0,1
0.737,74,CF388,CF388.jpg,0,1,1
0.237,24,AF641,AF641.jpg,1,0,1
0.505,51,AF559,AF559.jpg,1,0,1
0.655,66,AF1545,AF1545.jpg,1,0,1
0.459,46,AF319,AF319.jpg,1,0,1
0.500,50,CF499,CF499.jpg,0,1,1
0.485,49,AF1327,AF1327.jpg,1,0,1
0.814,81,CF655,CF655.jpg,0,1,1
0.361,36,AF91,AF91.jpg,1,0,1
0.505,51,AF1809,AF1809.jpg,1,0,1
0.665,67,AF1318,AF1318.jpg,1,0,1
0.464,46,AF945,AF945.jpg,1,0,1
0.376,38,AF182,AF182.jpg,1,0,1
0.366,37,CF419,CF419.jpg,0,1,1
0.335,34,AF127,AF127.jpg,1,0,1
0.232,23,AF876,AF876.jpg,1,0,1
0.694,69,CF296,CF296.jpg,0,1,1
0.135,14,AF267,AF267.jpg,1,0,1
0.155,16,AF90,AF90.jpg,1,0,1
0.211,21,AF736,AF736.jpg,1,0,1
0.814,81,AF1457,AF1457.jpg,1,0,1
0.660,66,CF24,CF24.jpg,0,1,1
0.773,77,AF929,AF929.jpg,1,0,1
0.536,54,AF1720,AF1720.jpg,1,0,1
0.577,58,CF358,CF358.jpg,0,1,1
0.129,13,AF1641,AF1641.jpg,1,0,1
0.469,47,AF826,AF826.jpg,1,0,1
0.562,56,AF246,AF246.jpg,1,0,1
0.825,83,CF561,CF561.jpg,0,1,1
0.737,74,AF1844,AF1844.jpg,1,0,1
0.454,45,AF1246,AF1246.jpg,1,0,1
0.284,28,AF578,AF578.jpg,1,0,1
0.392,39,AF333,AF333.jpg,1,0,1
0.371,37,AF1292,AF1292.jpg,1,0,1
0.727,73,AF1286,AF1286.jpg,1,0,1
0.392,39,AF9979,AF9979.jpg,1,0,1
0.629,63,AF1237,AF1237.jpg,1,0,1
0.381,38,AF1899,AF1899.jpg,1,0,1
0.155,16,AF846,AF846.jpg,1,0,1
0.639,64,AF1608,AF1608.jpg,1,0,1
0.376,38,AF817,AF817.jpg,1,0,1
0.732,73,AF1562,AF1562.jpg,1,0,1
0.333,33,CF205,CF205.jpg,0,1,1
0.278,28,AF253,AF253.jpg,1,0,1
0.526,53,AF1797,AF1797.jpg,1,0,1
0.716,72,CF568,CF568.jpg,0,1,1
0.736,74,AF1437,AF1437.jpg,1,0,1
0.325,33,AF408,AF408.jpg,1,0,1
0.696,70,AF1690,AF1690.jpg,1,0,1
0.438,44,CF320,CF320.jpg,0,1,1
0.216,22,AF1739,AF1739.jpg,1,0,1
0.799,80,CF550,CF550.jpg,0,1,1
0.196,20,CF406,CF406.jpg,0,1,1
0.124,12,AF391,AF391.jpg,1,0,1
0.510,51,CF446,CF446.jpg,0,1,1
0.371,37,CF311,CF311.jpg,0,1,1
0.753,75,AF1623,AF1623.jpg,1,0,1
0.649,65,AF1054,AF1054.jpg,1,0,1
0.649,65,AF1247,AF1247.jpg,1,0,1
0.515,52,CF9978,CF9978.jpg,0,1,1
0.531,53,AF564,AF564.jpg,1,0,1
0.851,85,CF17,CF17.jpg,0,1,1
0.809,81,AF592,AF592.jpg,1,0,1
0.706,71,CF55,CF55.jpg,0,1,1
0.278,28,AF759,AF759.jpg,1,0,1
0.433,43,CF9986,CF9986.jpg,0,1,1
0.593,59,CF185,CF185.jpg,0,1,1
0.722,72,AF1808,AF1808.jpg,1,0,1
0.387,39,AF115,AF115.jpg,1,0,1
0.710,71,CF712,CF712.jpg,0,1,1
0.830,83,CF591,CF591.jpg,0,1,1
0.149,15,AF1997,AF1997.jpg,1,0,1
0.233,23,AF815,AF815.jpg,1,0,1
0.658,66,AF1261,AF1261.jpg,1,0,1
0.381,38,CF390,CF390.jpg,0,1,1
0.577,58,AF1557,AF1557.jpg,1,0,1
0.670,67,AF1352,AF1352.jpg,1,0,1
0.273,27,CF333,CF333.jpg,0,1,1
0.479,48,AF1974,AF1974.jpg,1,0,1
0.552,55,CF130,CF130.jpg,0,1,1
0.227,23,AF991,AF991.jpg,1,0,1
0.691,69,AF1444,AF1444.jpg,1,0,1
0.278,28,AF375,AF375.jpg,1,0,1
0.479,48,AF618,AF618.jpg,1,0,1
0.541,54,AF187,AF187.jpg,1,0,1
0.679,68,AF1573,AF1573.jpg,1,0,1
0.320,32,CF109,CF109.jpg,0,1,1
0.237,24,CF492,CF492.jpg,0,1,1
0.784,78,CF622,CF622.jpg,0,1,1
0.412,41,AF466,AF466.jpg,1,0,1
0.459,46,AF1654,AF1654.jpg,1,0,1
0.784,78,CF23,CF23.jpg,0,1,1
0.268,27,AF1540,AF1540.jpg,1,0,1
0.825,83,CF570,CF570.jpg,0,1,1
0.418,42,CF329,CF329.jpg,0,1,1
0.402,40,AF1012,AF1012.jpg,1,0,1
0.716,72,AF1013,AF1013.jpg,1,0,1
0.601,60,AF940,AF940.jpg,1,0,1
0.629,63,AF746,AF746.jpg,1,0,1
0.340,34,AF23,AF23.jpg,1,0,1
0.332,33,AF627,AF627.jpg,1,0,1
0.474,47,AF1645,AF1645.jpg,1,0,1
0.211,21,AF1988,AF1988.jpg,1,0,1
0.428,43,AF1245,AF1245.jpg,1,0,1
0.834,83,CF639,CF639.jpg,0,1,1
0.371,37,AF1192,AF1192.jpg,1,0,1
0.500,50,AF1064,AF1064.jpg,1,0,1
0.497,50,AF216,AF216.jpg,1,0,1
0.186,19,AF1539,AF1539.jpg,1,0,1
0.351,35,CF327,CF327.jpg,0,1,1
0.366,37,AF1185,AF1185.jpg,1,0,1
0.149,15,CF91,CF91.jpg,0,1,1
0.495,50,AF1735,AF1735.jpg,1,0,1
0.381,38,AF111,AF111.jpg,1,0,1
0.701,70,AF1740,AF1740.jpg,1,0,1
0.619,62,AF1478,AF1478.jpg,1,0,1
0.699,70,CF440,CF440.jpg,0,1,1
0.368,37,AF239,AF239.jpg,1,0,1
0.644,64,AF1595,AF1595.jpg,1,0,1
0.528,53,AF1468,AF1468.jpg,1,0,1
0.418,42,AF462,AF462.jpg,1,0,1
0.285,29,AF167,AF167.jpg,1,0,1
0.552,55,AF1848,AF1848.jpg,1,0,1
0.407,41,AF995,AF995.jpg,1,0,1
0.191,19,AF886,AF886.jpg,1,0,1
0.474,47,CF41,CF41.jpg,0,1,1
0.572,57,AF1493,AF1493.jpg,1,0,1
0.531,53,AF878,AF878.jpg,1,0,1
0.438,44,CF437,CF437.jpg,0,1,1
0.464,46,CF366,CF366.jpg,0,1,1
0.330,33,AF1252,AF1252.jpg,1,0,1
0.593,59,AF1074,AF1074.jpg,1,0,1
0.345,35,CF403,CF403.jpg,0,1,1
0.356,36,AF893,AF893.jpg,1,0,1
0.242,24,AF494,AF494.jpg,1,0,1
0.552,55,AF1746,AF1746.jpg,1,0,1
0.285,29,AF149,AF149.jpg,1,0,1
0.361,36,CF248,CF248.jpg,0,1,1
0.716,72,AF1132,AF1132.jpg,1,0,1
0.557,56,AF1267,AF1267.jpg,1,0,1
0.722,72,AF1172,AF1172.jpg,1,0,1
0.278,28,AF555,AF555.jpg,1,0,1
0.423,42,AF100,AF100.jpg,1,0,1
0.387,39,AF581,AF581.jpg,1,0,1
0.381,38,CF326,CF326.jpg,0,1,1
0.722,72,CF193,CF193.jpg,0,1,1
0.505,51,AF614,AF614.jpg,1,0,1
0.686,69,CF628,CF628.jpg,0,1,1
0.320,32,AF485,AF485.jpg,1,0,1
0.789,79,AF1501,AF1501.jpg,1,0,1
0.613,61,AF1195,AF1195.jpg,1,0,1
0.294,29,AF54,AF54.jpg,1,0,1
0.737,74,AF1742,AF1742.jpg,1,0,1
0.428,43,AF230,AF230.jpg,1,0,1
0.557,56,AF1490,AF1490.jpg,1,0,1
0.495,50,CF431,CF431.jpg,0,1,1
0.345,35,AF380,AF380.jpg,1,0,1
0.366,37,AF281,AF281.jpg,1,0,1
0.603,60,CF367,CF367.jpg,0,1,1
0.701,70,AF1585,AF1585.jpg,1,0,1
0.598,60,AF1529,AF1529.jpg,1,0,1
0.521,52,CF224,CF224.jpg,0,1,1
0.443,44,AF701,AF701.jpg,1,0,1
0.526,53,CF39,CF39.jpg,0,1,1
0.649,65,AF1510,AF1510.jpg,1,0,1
0.485,49,AF1616,AF1616.jpg,1,0,1
0.701,70,AF1122,AF1122.jpg,1,0,1
0.407,41,AF863,AF863.jpg,1,0,1
0.381,38,AF1865,AF1865.jpg,1,0,1
0.619,62,AF1113,AF1113.jpg,1,0,1
0.088,9,AF985,AF985.jpg,1,0,1
0.541,54,AF957,AF957.jpg,1,0,1
0.448,45,AF684,AF684.jpg,1,0,1
0.340,34,AF658,AF658.jpg,1,0,1
0.691,69,CF692,CF692.jpg,0,1,1
0.531,53,AF1868,AF1868.jpg,1,0,1
0.722,72,AF1465,AF1465.jpg,1,0,1
0.371,37,AF198,AF198.jpg,1,0,1
0.361,36,AF1341,AF1341.jpg,1,0,1
0.696,70,AF905,AF905.jpg,1,0,1
0.722,72,AF1080,AF1080.jpg,1,0,1
0.876,88,CF668,CF668.jpg,0,1,1
0.412,41,AF913,AF913.jpg,1,0,1
0.222,22,AF1931,AF1931.jpg,1,0,1
0.278,28,AF401,AF401.jpg,1,0,1
0.402,40,AF130,AF130.jpg,1,0,1
0.696,70,AF892,AF892.jpg,1,0,1
0.619,62,AF1112,AF1112.jpg,1,0,1
0.304,30,CF208,CF208.jpg,0,1,1
0.443,44,AF1753,AF1753.jpg,1,0,1
0.778,78,CF581,CF581.jpg,0,1,1
0.237,24,AF842,AF842.jpg,1,0,1
0.371,37,AF732,AF732.jpg,1,0,1
0.448,45,CF402,CF402.jpg,0,1,1
0.747,75,AF1194,AF1194.jpg,1,0,1
0.778,78,CF723,CF723.jpg,0,1,1
0.510,51,AF1399,AF1399.jpg,1,0,1
0.412,41,CF444,CF444.jpg,0,1,1
0.567,57,CF417,CF417.jpg,0,1,1
0.397,40,AF245,AF245.jpg,1,0,1
0.418,42,CF274,CF274.jpg,0,1,1
0.433,43,CF176,CF176.jpg,0,1,1
0.397,40,AF709,AF709.jpg,1,0,1
0.747,75,AF1491,AF1491.jpg,1,0,1
0.464,46,AF1082,AF1082.jpg,1,0,1
0.242,24,AF665,AF665.jpg,1,0,1
0.418,42,AF1204,AF1204.jpg,1,0,1
0.727,73,AF1417,AF1417.jpg,1,0,1
0.660,66,AF912,AF912.jpg,1,0,1
0.753,75,CF153,CF153.jpg,0,1,1
0.799,80,CF21,CF21.jpg,0,1,1
0.701,70,CF716,CF716.jpg,0,1,1
0.531,53,AF527,AF527.jpg,1,0,1
0.464,46,AF1263,AF1263.jpg,1,0,1
0.515,52,AF274,AF274.jpg,1,0,1
0.351,35,AF1953,AF1953.jpg,1,0,1
0.258,26,AF1105,AF1105.jpg,1,0,1
0.624,62,AF1587,AF1587.jpg,1,0,1
0.129,13,AF1143,AF1143.jpg,1,0,1
0.402,40,AF594,AF594.jpg,1,0,1
0.376,38,AF296,AF296.jpg,1,0,1
0.794,79,CF279,CF279.jpg,0,1,1
0.438,44,CF594,CF594.jpg,0,1,1
0.830,83,CF586,CF586.jpg,0,1,1
0.619,62,AF1395,AF1395.jpg,1,0,1
0.727,73,AF1345,AF1345.jpg,1,0,1
0.608,61,AF1272,AF1272.jpg,1,0,1
0.474,47,AF1745,AF1745.jpg,1,0,1
0.588,59,AF1895,AF1895.jpg,1,0,1
0.794,79,AF1572,AF1572.jpg,1,0,1
0.799,80,AF1333,AF1333.jpg,1,0,1
0.582,58,AF1418,AF1418.jpg,1,0,1
0.237,24,AF725,AF725.jpg,1,0,1
0.113,11,AF1651,AF1651.jpg,1,0,1
0.701,70,AF1563,AF1563.jpg,1,0,1
0.639,64,AF1566,AF1566.jpg,1,0,1
0.289,29,AF1322,AF1322.jpg,1,0,1
0.711,71,AF1388,AF1388.jpg,1,0,1
0.206,21,AF707,AF707.jpg,1,0,1
0.531,53,CF526,CF526.jpg,0,1,1
0.254,25,AF849,AF849.jpg,1,0,1
0.696,70,CF9975,CF9975.jpg,0,1,1
0.361,36,AF711,AF711.jpg,1,0,1
0.552,55,CF486,CF486.jpg,0,1,1
0.299,30,AF1313,AF1313.jpg,1,0,1
0.608,61,AF1502,AF1502.jpg,1,0,1
0.289,29,AF200,AF200.jpg,1,0,1
0.541,54,AF171,AF171.jpg,1,0,1
0.670,67,AF501,AF501.jpg,1,0,1
0.335,34,AF509,AF509.jpg,1,0,1
0.309,31,AF392,AF392.jpg,1,0,1
0.299,30,CF164,CF164.jpg,0,1,1
0.699,70,AF933,AF933.jpg,1,0,1
0.474,47,AF493,AF493.jpg,1,0,1
0.546,55,AF67,AF67.jpg,1,0,1
0.706,71,CF450,CF450.jpg,0,1,1
0.624,62,AF1832,AF1832.jpg,1,0,1
0.098,10,AF1890,AF1890.jpg,1,0,1
0.361,36,AF1243,AF1243.jpg,1,0,1
0.459,46,AF663,AF663.jpg,1,0,1
0.773,77,CF571,CF571.jpg,0,1,1
0.840,84,CF662,CF662.jpg,0,1,1
0.593,59,AF794,AF794.jpg,1,0,1
0.404,40,AF1506,AF1506.jpg,1,0,1
0.613,61,AF269,AF269.jpg,1,0,1
0.392,39,AF264,AF264.jpg,1,0,1
0.366,37,CF187,CF187.jpg,0,1,1
0.892,89,CF242,CF242.jpg,0,1,1
0.557,56,AF1225,AF1225.jpg,1,0,1
0.727,73,AF1416,AF1416.jpg,1,0,1
0.639,64,AF1331,AF1331.jpg,1,0,1
0.320,32,AF787,AF787.jpg,1,0,1
0.381,38,CF527,CF527.jpg,0,1,1
0.207,21,AF169,AF169.jpg,1,0,1
0.289,29,AF490,AF490.jpg,1,0,1
0.505,51,AF1787,AF1787.jpg,1,0,1
0.722,72,AF1348,AF1348.jpg,1,0,1
0.397,40,AF573,AF573.jpg,1,0,1
0.686,69,AF758,AF758.jpg,1,0,1
0.768,77,CF578,CF578.jpg,0,1,1
0.778,78,CF691,CF691.jpg,0,1,1
0.742,74,AF1733,AF1733.jpg,1,0,1
0.639,64,AF1262,AF1262.jpg,1,0,1
0.412,41,AF1434,AF1434.jpg,1,0,1
0.247,25,AF1092,AF1092.jpg,1,0,1
0.428,43,CF126,CF126.jpg,0,1,1
0.552,55,AF128,AF128.jpg,1,0,1
0.665,67,AF1881,AF1881.jpg,1,0,1
0.247,25,AF363,AF363.jpg,1,0,1
0.778,78,AF1592,AF1592.jpg,1,0,1
0.634,63,CF497,CF497.jpg,0,1,1
0.155,16,CF348,CF348.jpg,0,1,1
0.428,43,CF415,CF415.jpg,0,1,1
0.675,68,AF1200,AF1200.jpg,1,0,1
0.794,79,CF305,CF305.jpg,0,1,1
0.531,53,AF1699,AF1699.jpg,1,0,1
0.232,23,AF1917,AF1917.jpg,1,0,1
0.758,76,AF1500,AF1500.jpg,1,0,1
0.325,33,AF472,AF472.jpg,1,0,1
0.330,33,AF424,AF424.jpg,1,0,1
0.711,71,CF424,CF424.jpg,0,1,1
0.753,75,AF976,AF976.jpg,1,0,1
0.634,63,AF1023,AF1023.jpg,1,0,1
0.557,56,AF760,AF760.jpg,1,0,1
0.830,83,CF309,CF309.jpg,0,1,1
0.418,42,AF135,AF135.jpg,1,0,1
0.758,76,AF1534,AF1534.jpg,1,0,1
0.247,25,AF744,AF744.jpg,1,0,1
0.763,76,CF420,CF420.jpg,0,1,1
0.418,42,CF525,CF525.jpg,0,1,1
0.387,39,AF1003,AF1003.jpg,1,0,1
0.325,33,AF1100,AF1100.jpg,1,0,1
0.510,51,AF1131,AF1131.jpg,1,0,1
0.881,88,CF719,CF719.jpg,0,1,1
0.557,56,AF1065,AF1065.jpg,1,0,1
0.526,53,CF290,CF290.jpg,0,1,1
0.753,75,AF1696,AF1696.jpg,1,0,1
0.340,34,AF220,AF220.jpg,1,0,1
0.418,42,AF454,AF454.jpg,1,0,1
0.366,37,CF214,CF214.jpg,0,1,1
0.624,62,CF197,CF197.jpg,0,1,1
0.546,55,AF669,AF669.jpg,1,0,1
0.325,33,AF155,AF155.jpg,1,0,1
0.655,66,AF1357,AF1357.jpg,1,0,1
0.304,30,AF347,AF347.jpg,1,0,1
0.376,38,AF1965,AF1965.jpg,1,0,1
0.366,37,AF1862,AF1862.jpg,1,0,1
0.639,64,AF1009,AF1009.jpg,1,0,1
0.264,26,CF453,CF453.jpg,0,1,1
0.747,75,AF1788,AF1788.jpg,1,0,1
0.108,11,AF616,AF616.jpg,1,0,1
0.258,26,AF351,AF351.jpg,1,0,1
0.289,29,AF199,AF199.jpg,1,0,1
0.613,61,AF1614,AF1614.jpg,1,0,1
0.438,44,AF525,AF525.jpg,1,0,1
0.845,85,CF739,CF739.jpg,0,1,1
0.680,68,AF1609,AF1609.jpg,1,0,1
0.896,90,CF599,CF599.jpg,0,1,1
0.356,36,AF301,AF301.jpg,1,0,1
0.342,34,CF35,CF35.jpg,0,1,1
0.268,27,AF202,AF202.jpg,1,0,1
0.314,31,AF132,AF132.jpg,1,0,1
0.701,70,CF143,CF143.jpg,0,1,1
0.232,23,AF1111,AF1111.jpg,1,0,1
0.562,56,AF902,AF902.jpg,1,0,1
0.438,44,CF498,CF498.jpg,0,1,1
0.425,43,AF852,AF852.jpg,1,0,1
0.593,59,AF1949,AF1949.jpg,1,0,1
0.371,37,AF575,AF575.jpg,1,0,1
0.552,55,CF283,CF283.jpg,0,1,1
0.268,27,AF119,AF119.jpg,1,0,1
0.582,58,AF1748,AF1748.jpg,1,0,1
0.546,55,AF1467,AF1467.jpg,1,0,1
0.428,43,CF340,CF340.jpg,0,1,1
0.268,27,AF49,AF49.jpg,1,0,1
0.387,39,AF1036,AF1036.jpg,1,0,1
0.557,56,CF201,CF201.jpg,0,1,1
0.309,31,AF59,AF59.jpg,1,0,1
0.593,59,AF1783,AF1783.jpg,1,0,1
0.495,50,CF362,CF362.jpg,0,1,1
0.830,83,CF693,CF693.jpg,0,1,1
0.216,22,AF57,AF57.jpg,1,0,1
0.608,61,AF1781,AF1781.jpg,1,0,1
0.784,78,CF9971,CF9971.jpg,0,1,1
0.454,45,AF196,AF196.jpg,1,0,1
0.851,85,CF708,CF708.jpg,0,1,1
0.345,35,AF1798,AF1798.jpg,1,0,1
0.340,34,CF142,CF142.jpg,0,1,1
0.881,88,CF647,CF647.jpg,0,1,1
0.361,36,AF689,AF689.jpg,1,0,1
0.469,47,AF1142,AF1142.jpg,1,0,1
0.299,30,AF481,AF481.jpg,1,0,1
0.402,40,AF285,AF285.jpg,1,0,1
0.505,51,CF407,CF407.jpg,0,1,1
0.144,14,AF1590,AF1590.jpg,1,0,1
0.459,46,CF151,CF151.jpg,0,1,1
0.649,65,AF1278,AF1278.jpg,1,0,1
0.211,21,AF1509,AF1509.jpg,1,0,1
0.510,51,AF1489,AF1489.jpg,1,0,1
0.232,23,AF178,AF178.jpg,1,0,1
0.619,62,AF1115,AF1115.jpg,1,0,1
0.383,38,AF1578,AF1578.jpg,1,0,1
0.526,53,AF1376,AF1376.jpg,1,0,1
0.680,68,AF1638,AF1638.jpg,1,0,1
0.701,70,AF1878,AF1878.jpg,1,0,1
0.500,50,AF80,AF80.jpg,1,0,1
0.278,28,AF368,AF368.jpg,1,0,1
0.278,28,AF1235,AF1235.jpg,1,0,1
0.464,46,AF1738,AF1738.jpg,1,0,1
0.108,11,CF65,CF65.jpg,0,1,1
0.227,23,AF1924,AF1924.jpg,1,0,1
0.407,41,CF128,CF128.jpg,0,1,1
0.407,41,AF1404,AF1404.jpg,1,0,1
0.166,17,AF1845,AF1845.jpg,1,0,1
0.402,40,AF629,AF629.jpg,1,0,1
0.648,65,AF1160,AF1160.jpg,1,0,1
0.649,65,AF1523,AF1523.jpg,1,0,1
0.376,38,AF774,AF774.jpg,1,0,1
0.541,54,CF288,CF288.jpg,0,1,1
0.541,54,AF1817,AF1817.jpg,1,0,1
0.784,78,CF563,CF563.jpg,0,1,1
0.639,64,AF1962,AF1962.jpg,1,0,1
0.387,39,AF563,AF563.jpg,1,0,1
0.861,86,CF649,CF649.jpg,0,1,1
0.655,66,AF1069,AF1069.jpg,1,0,1
0.196,20,CF464,CF464.jpg,0,1,1
0.180,18,AF1028,AF1028.jpg,1,0,1
0.294,29,AF379,AF379.jpg,1,0,1
0.469,47,AF1933,AF1933.jpg,1,0,1
0.660,66,CF409,CF409.jpg,0,1,1
0.423,42,AF1228,AF1228.jpg,1,0,1
0.541,54,AF1377,AF1377.jpg,1,0,1
0.330,33,AF771,AF771.jpg,1,0,1
0.186,19,AF388,AF388.jpg,1,0,1
0.387,39,AF372,AF372.jpg,1,0,1
0.588,59,AF1849,AF1849.jpg,1,0,1
0.309,31,AF340,AF340.jpg,1,0,1
0.680,68,AF1736,AF1736.jpg,1,0,1
0.541,54,AF1897,AF1897.jpg,1,0,1
0.299,30,AF416,AF416.jpg,1,0,1
0.371,37,AF637,AF637.jpg,1,0,1
0.793,79,CF613,CF613.jpg,0,1,1
0.644,64,AF1887,AF1887.jpg,1,0,1
0.521,52,AF803,AF803.jpg,1,0,1
0.433,43,AF133,AF133.jpg,1,0,1
0.363,36,AF903,AF903.jpg,1,0,1
0.412,41,CF376,CF376.jpg,0,1,1
0.216,22,AF1223,AF1223.jpg,1,0,1
0.562,56,AF1375,AF1375.jpg,1,0,1
0.196,20,AF192,AF192.jpg,1,0,1
0.201,20,AF443,AF443.jpg,1,0,1
0.660,66,AF484,AF484.jpg,1,0,1
0.469,47,AF1125,AF1125.jpg,1,0,1
0.397,40,AF932,AF932.jpg,1,0,1
0.577,58,AF604,AF604.jpg,1,0,1
0.351,35,AF489,AF489.jpg,1,0,1
0.758,76,AF1669,AF1669.jpg,1,0,1
0.557,56,AF254,AF254.jpg,1,0,1
0.295,30,AF982,AF982.jpg,1,0,1
0.394,39,CF292,CF292.jpg,0,1,1
0.474,47,CF493,CF493.jpg,0,1,1
0.598,60,AF1627,AF1627.jpg,1,0,1
0.474,47,AF407,AF407.jpg,1,0,1
0.495,50,AF9981,AF9981.jpg,1,0,1
0.711,71,CF447,CF447.jpg,0,1,1
0.376,38,AF827,AF827.jpg,1,0,1
0.588,59,AF31,AF31.jpg,1,0,1
0.273,27,CF487,CF487.jpg,0,1,1
0.381,38,CF202,CF202.jpg,0,1,1
0.789,79,CF16,CF16.jpg,0,1,1
0.459,46,AF1841,AF1841.jpg,1,0,1
0.314,31,AF151,AF151.jpg,1,0,1
0.423,42,CF337,CF337.jpg,0,1,1
0.716,72,CF372,CF372.jpg,0,1,1
0.526,53,AF894,AF894.jpg,1,0,1
0.361,36,CF360,CF360.jpg,0,1,1
0.407,41,AF250,AF250.jpg,1,0,1
0.304,30,AF769,AF769.jpg,1,0,1
0.799,80,CF9970,CF9970.jpg,0,1,1
0.495,50,CF257,CF257.jpg,0,1,1
0.284,28,AF1033,AF1033.jpg,1,0,1
0.637,64,AF1888,AF1888.jpg,1,0,1
0.598,60,AF1479,AF1479.jpg,1,0,1
0.268,27,AF365,AF365.jpg,1,0,1
0.474,47,AF631,AF631.jpg,1,0,1
0.613,61,CF156,CF156.jpg,0,1,1
0.412,41,AF580,AF580.jpg,1,0,1
0.474,47,AF1549,AF1549.jpg,1,0,1
0.675,68,AF1665,AF1665.jpg,1,0,1
0.433,43,AF513,AF513.jpg,1,0,1
0.552,55,AF423,AF423.jpg,1,0,1
0.191,19,AF613,AF613.jpg,1,0,1
0.701,70,AF1628,AF1628.jpg,1,0,1
0.356,36,CF331,CF331.jpg,0,1,1
0.727,73,CF688,CF688.jpg,0,1,1
0.418,42,AF866,AF866.jpg,1,0,1
0.397,40,CF238,CF238.jpg,0,1,1
0.531,53,CF273,CF273.jpg,0,1,1
0.273,27,CF9995,CF9995.jpg,1,0,1
0.825,83,CF34,CF34.jpg,0,1,1
0.438,44,AF1452,AF1452.jpg,1,0,1
0.629,63,AF1014,AF1014.jpg,1,0,1
0.495,50,CF45,CF45.jpg,0,1,1
0.469,47,AF791,AF791.jpg,1,0,1
0.397,40,AF1600,AF1600.jpg,1,0,1
0.314,31,AF387,AF387.jpg,1,0,1
0.371,37,AF650,AF650.jpg,1,0,1
0.448,45,AF394,AF394.jpg,1,0,1
0.722,72,AF1295,AF1295.jpg,1,0,1
0.273,27,AF550,AF550.jpg,1,0,1
0.526,53,CF233,CF233.jpg,0,1,1
0.549,55,AF271,AF271.jpg,1,0,1
0.309,31,AF217,AF217.jpg,1,0,1
0.881,88,CF567,CF567.jpg,0,1,1
0.381,38,CF380,CF380.jpg,0,1,1
0.803,80,CF480,CF480.jpg,0,1,1
0.691,69,CF510,CF510.jpg,0,1,1
0.232,23,AF93,AF93.jpg,1,0,1
0.619,62,AF1202,AF1202.jpg,1,0,1
0.701,70,AF1553,AF1553.jpg,1,0,1
0.665,67,AF1761,AF1761.jpg,1,0,1
0.546,55,AF588,AF588.jpg,1,0,1
0.479,48,CF53,CF53.jpg,0,1,1
0.567,57,AF768,AF768.jpg,1,0,1
0.737,74,CF601,CF601.jpg,0,1,1
0.577,58,AF1686,AF1686.jpg,1,0,1
0.186,19,AF1971,AF1971.jpg,1,0,1
0.513,51,AF1307,AF1307.jpg,1,0,1
0.887,89,CF556,CF556.jpg,0,1,1
0.495,50,CF213,CF213.jpg,0,1,1
0.412,41,CF240,CF240.jpg,0,1,1
0.803,80,AF1158,AF1158.jpg,1,0,1
0.675,68,CF163,CF163.jpg,0,1,1
0.845,85,CF673,CF673.jpg,0,1,1
0.737,74,CF648,CF648.jpg,0,1,1
0.593,59,AF420,AF420.jpg,1,0,1
0.335,34,AF457,AF457.jpg,1,0,1
0.356,36,AF131,AF131.jpg,1,0,1
0.675,68,AF1674,AF1674.jpg,1,0,1
0.639,64,CF745,CF745.jpg,0,1,1
0.644,64,AF1512,AF1512.jpg,1,0,1
0.273,27,AF1276,AF1276.jpg,1,0,1
0.258,26,AF396,AF396.jpg,1,0,1
0.485,49,AF1650,AF1650.jpg,1,0,1
0.526,53,AF999,AF999.jpg,1,0,1
0.737,74,CF365,CF365.jpg,0,1,1
0.711,71,AF869,AF869.jpg,1,0,1
0.536,54,CF2,CF2.jpg,0,1,1
0.794,79,CF680,CF680.jpg,0,1,1
0.773,77,CF455,CF455.jpg,0,1,1
0.415,42,AF1144,AF1144.jpg,1,0,1
0.216,22,AF761,AF761.jpg,1,0,1
0.686,69,CF456,CF456.jpg,0,1,1
0.593,59,AF1032,AF1032.jpg,1,0,1
0.418,42,CF139,CF139.jpg,0,1,1
0.845,85,CF566,CF566.jpg,0,1,1
0.680,68,CF253,CF253.jpg,0,1,1
0.469,47,AF1077,AF1077.jpg,1,0,1
0.835,84,CF689,CF689.jpg,0,1,1
0.552,55,AF782,AF782.jpg,1,0,1
0.510,51,AF35,AF35.jpg,1,0,1
0.608,61,AF1482,AF1482.jpg,1,0,1
0.696,70,AF1602,AF1602.jpg,1,0,1
0.407,41,AF183,AF183.jpg,1,0,1
0.180,18,AF384,AF384.jpg,1,0,1
0.706,71,AF1756,AF1756.jpg,1,0,1
0.716,72,AF1610,AF1610.jpg,1,0,1
0.273,27,AF719,AF719.jpg,1,0,1
0.479,48,AF356,AF356.jpg,1,0,1
0.619,62,AF784,AF784.jpg,1,0,1
0.536,54,AF1639,AF1639.jpg,1,0,1
0.474,47,AF479,AF479.jpg,1,0,1
0.392,39,AF468,AF468.jpg,1,0,1
0.567,57,AF799,AF799.jpg,1,0,1
0.495,50,CF29,CF29.jpg,0,1,1
0.232,23,AF11,AF11.jpg,1,0,1
0.268,27,AF1128,AF1128.jpg,1,0,1
0.515,52,AF1499,AF1499.jpg,1,0,1
0.326,33,AF1854,AF1854.jpg,1,0,1
0.443,44,AF1813,AF1813.jpg,1,0,1
0.430,43,AF448,AF448.jpg,1,0,1
0.521,52,AF1034,AF1034.jpg,1,0,1
0.495,50,AF1264,AF1264.jpg,1,0,1
0.389,39,AF92,AF92.jpg,1,0,1
0.485,49,CF148,CF148.jpg,0,1,1
0.521,52,CF119,CF119.jpg,0,1,1
0.861,86,CF598,CF598.jpg,0,1,1
0.634,63,AF1716,AF1716.jpg,1,0,1
0.361,36,AF1950,AF1950.jpg,1,0,1
0.423,42,CF216,CF216.jpg,0,1,1
0.361,36,AF529,AF529.jpg,1,0,1
0.629,63,AF1911,AF1911.jpg,1,0,1
0.492,49,AF1081,AF1081.jpg,1,0,1
0.617,62,AF1249,AF1249.jpg,1,0,1
0.799,80,CF19,CF19.jpg,0,1,1
0.804,80,AF1390,AF1390.jpg,1,0,1
0.624,62,CF434,CF434.jpg,0,1,1
0.098,10,AF1475,AF1475.jpg,1,0,1
0.845,85,CF698,CF698.jpg,0,1,1
0.732,73,AF1822,AF1822.jpg,1,0,1
0.768,77,CF701,CF701.jpg,0,1,1
0.686,69,CF700,CF700.jpg,0,1,1
0.358,36,AF389,AF389.jpg,1,0,1
0.660,66,AF1371,AF1371.jpg,1,0,1
0.691,69,AF1583,AF1583.jpg,1,0,1
0.387,39,AF1119,AF1119.jpg,1,0,1
0.433,43,CF184,CF184.jpg,0,1,1
0.691,69,AF1218,AF1218.jpg,1,0,1
0.505,51,CF410,CF410.jpg,0,1,1
0.518,52,AF324,AF324.jpg,1,0,1
0.397,40,AF9982,AF9982.jpg,1,0,1
0.567,57,AF1454,AF1454.jpg,1,0,1
0.402,40,AF904,AF904.jpg,1,0,1
0.139,14,AF435,AF435.jpg,1,0,1
0.418,42,AF1176,AF1176.jpg,1,0,1
0.428,43,AF693,AF693.jpg,1,0,1
0.196,20,AF218,AF218.jpg,1,0,1
0.572,57,CF131,CF131.jpg,0,1,1
0.814,81,CF3,CF3.jpg,0,1,1
0.572,57,CF268,CF268.jpg,0,1,1
0.851,85,CF690,CF690.jpg,0,1,1
0.397,40,AF1923,AF1923.jpg,1,0,1
0.325,33,AF288,AF288.jpg,1,0,1
0.665,67,AF1765,AF1765.jpg,1,0,1
0.701,70,CF436,CF436.jpg,0,1,1
0.356,36,CF199,CF199.jpg,0,1,1
0.191,19,AF1790,AF1790.jpg,1,0,1
0.680,68,CF167,CF167.jpg,0,1,1
0.438,44,AF1952,AF1952.jpg,1,0,1
0.521,52,AF1920,AF1920.jpg,1,0,1
0.660,66,AF1326,AF1326.jpg,1,0,1
0.342,34,AF405,AF405.jpg,1,0,1
0.634,63,AF1328,AF1328.jpg,1,0,1
0.423,42,AF1932,AF1932.jpg,1,0,1
0.433,43,AF1091,AF1091.jpg,1,0,1
0.412,41,AF1531,AF1531.jpg,1,0,1
0.567,57,AF329,AF329.jpg,1,0,1
0.531,53,AF1047,AF1047.jpg,1,0,1
0.361,36,CF491,CF491.jpg,0,1,1
0.474,47,AF1653,AF1653.jpg,1,0,1
0.268,27,CF166,CF166.jpg,0,1,1
0.479,48,AF883,AF883.jpg,1,0,1
0.273,27,AF197,AF197.jpg,1,0,1
0.649,65,CF120,CF120.jpg,0,1,1
0.902,90,CF620,CF620.jpg,0,1,1
0.871,87,CF602,CF602.jpg,0,1,1
0.830,83,CF704,CF704.jpg,0,1,1
0.691,69,AF1555,AF1555.jpg,1,0,1
0.608,61,AF1149,AF1149.jpg,1,0,1
0.732,73,AF961,AF961.jpg,1,0,1
0.840,84,CF569,CF569.jpg,0,1,1
0.840,84,AF963,AF963.jpg,1,0,1
0.464,46,AF406,AF406.jpg,1,0,1
0.686,69,AF1407,AF1407.jpg,1,0,1
0.660,66,AF1428,AF1428.jpg,1,0,1
0.649,65,AF881,AF881.jpg,1,0,1
0.124,12,AF177,AF177.jpg,1,0,1
0.624,62,AF954,AF954.jpg,1,0,1
0.598,60,AF1456,AF1456.jpg,1,0,1
0.876,88,CF742,CF742.jpg,0,1,1
0.469,47,CF282,CF282.jpg,0,1,1
0.572,57,AF1634,AF1634.jpg,1,0,1
0.655,66,AF798,AF798.jpg,1,0,1
0.634,63,AF1481,AF1481.jpg,1,0,1
0.763,76,CF49,CF49.jpg,0,1,1
0.289,29,AF147,AF147.jpg,1,0,1
0.242,24,AF160,AF160.jpg,1,0,1
0.309,31,CF236,CF236.jpg,0,1,1
0.443,44,CF113,CF113.jpg,0,1,1
0.613,61,AF1316,AF1316.jpg,1,0,1
0.454,45,CF441,CF441.jpg,0,1,1
0.593,59,CF64,CF64.jpg,0,1,1
0.526,53,AF1470,AF1470.jpg,1,0,1
0.376,38,AF645,AF645.jpg,1,0,1
0.242,24,AF289,AF289.jpg,1,0,1
0.459,46,AF861,AF861.jpg,1,0,1
0.320,32,AF853,AF853.jpg,1,0,1
0.139,14,AF161,AF161.jpg,1,0,1
0.170,17,AF259,AF259.jpg,1,0,1
0.637,64,AF947,AF947.jpg,1,0,1
0.725,73,AF1978,AF1978.jpg,1,0,1
0.356,36,AF85,AF85.jpg,1,0,1
0.794,79,CF619,CF619.jpg,0,1,1
0.316,32,AF150,AF150.jpg,1,0,1
0.706,71,AF1039,AF1039.jpg,1,0,1
0.701,70,AF1770,AF1770.jpg,1,0,1
0.330,33,AF1810,AF1810.jpg,1,0,1
0.412,41,CF330,CF330.jpg,0,1,1
0.454,45,AF1330,AF1330.jpg,1,0,1
0.325,33,CF134,CF134.jpg,0,1,1
0.191,19,AF474,AF474.jpg,1,0,1
0.258,26,AF461,AF461.jpg,1,0,1
0.320,32,CF352,CF352.jpg,0,1,1
0.665,67,CF516,CF516.jpg,0,1,1
0.753,75,AF1459,AF1459.jpg,1,0,1
0.381,38,AF621,AF621.jpg,1,0,1
0.521,52,AF1834,AF1834.jpg,1,0,1
0.727,73,CF671,CF671.jpg,0,1,1
0.435,44,AF240,AF240.jpg,1,0,1
0.784,78,AF1063,AF1063.jpg,1,0,1
0.309,31,CF162,CF162.jpg,0,1,1
0.345,35,AF786,AF786.jpg,1,0,1
0.582,58,CF79,CF79.jpg,0,1,1
0.402,40,AF1916,AF1916.jpg,1,0,1
0.617,62,AF915,AF915.jpg,1,0,1
0.289,29,AF27,AF27.jpg,1,0,1
0.691,69,AF964,AF964.jpg,1,0,1
0.490,49,AF1744,AF1744.jpg,1,0,1
0.505,51,AF146,AF146.jpg,1,0,1
0.727,73,CF192,CF192.jpg,0,1,1
0.361,36,AF129,AF129.jpg,1,0,1
0.763,76,AF1827,AF1827.jpg,1,0,1
0.278,28,AF598,AF598.jpg,1,0,1
0.263,26,AF824,AF824.jpg,1,0,1
0.443,44,CF241,CF241.jpg,0,1,1
0.273,27,AF989,AF989.jpg,1,0,1
0.737,74,CF377,CF377.jpg,0,1,1
0.459,46,CF9984,CF9984.jpg,0,1,1
0.515,52,AF1879,AF1879.jpg,1,0,1
0.613,61,AF1588,AF1588.jpg,1,0,1
0.376,38,CF482,CF482.jpg,0,1,1
0.438,44,CF249,CF249.jpg,0,1,1
0.222,22,AF1117,AF1117.jpg,1,0,1
0.451,45,AF361,AF361.jpg,1,0,1
0.706,71,AF1078,AF1078.jpg,1,0,1
0.670,67,AF1236,AF1236.jpg,1,0,1
0.253,25,AF34,AF34.jpg,1,0,1
0.335,34,AF1776,AF1776.jpg,1,0,1
0.366,37,AF916,AF916.jpg,1,0,1
0.474,47,AF1155,AF1155.jpg,1,0,1
0.428,43,CF523,CF523.jpg,0,1,1
0.552,55,CF338,CF338.jpg,0,1,1
0.582,58,AF1889,AF1889.jpg,1,0,1
0.619,62,CF405,CF405.jpg,0,1,1
0.680,68,AF1856,AF1856.jpg,1,0,1
0.474,47,AF110,AF110.jpg,1,0,1
0.557,56,AF1134,AF1134.jpg,1,0,1
0.376,38,AF1002,AF1002.jpg,1,0,1
0.784,78,CF656,CF656.jpg,0,1,1
0.320,32,AF157,AF157.jpg,1,0,1
0.557,56,AF1729,AF1729.jpg,1,0,1
0.433,43,CF285,CF285.jpg,0,1,1
0.598,60,CF93,CF93.jpg,0,1,1
0.299,30,AF87,AF87.jpg,1,0,1
0.639,64,AF1683,AF1683.jpg,1,0,1
0.820,82,CF615,CF615.jpg,0,1,1
0.206,21,AF1358,AF1358.jpg,1,0,1
0.613,61,AF113,AF113.jpg,1,0,1
0.392,39,AF589,AF589.jpg,1,0,1
0.443,44,CF490,CF490.jpg,0,1,1
0.175,18,AF1186,AF1186.jpg,1,0,1
0.155,16,AF694,AF694.jpg,1,0,1
0.402,40,AF7,AF7.jpg,1,0,1
0.263,26,AF622,AF622.jpg,1,0,1
0.716,72,CF26,CF26.jpg,0,1,1
0.459,46,AF1455,AF1455.jpg,1,0,1
0.500,50,AF1277,AF1277.jpg,1,0,1
0.495,50,CF225,CF225.jpg,0,1,1
0.500,50,AF1903,AF1903.jpg,1,0,1
0.253,25,AF261,AF261.jpg,1,0,1
0.521,52,AF1599,AF1599.jpg,1,0,1
0.342,34,AF749,AF749.jpg,1,0,1
0.191,19,CF511,CF511.jpg,0,1,1
0.345,35,AF624,AF624.jpg,1,0,1
0.443,44,AF431,AF431.jpg,1,0,1
0.588,59,AF1560,AF1560.jpg,1,0,1
0.577,58,AF895,AF895.jpg,1,0,1
0.340,34,AF546,AF546.jpg,1,0,1
0.325,33,AF747,AF747.jpg,1,0,1
0.134,13,AF39,AF39.jpg,1,0,1
0.134,13,AF728,AF728.jpg,1,0,1
0.731,73,AF1486,AF1486.jpg,1,0,1
0.725,73,CF9,CF9.jpg,0,1,1
0.768,77,AF1056,AF1056.jpg,1,0,1
0.696,70,AF812,AF812.jpg,1,0,1
0.485,49,AF813,AF813.jpg,1,0,1
0.845,85,CF734,CF734.jpg,0,1,1
0.366,37,AF211,AF211.jpg,1,0,1
0.340,34,CF310,CF310.jpg,0,1,1
0.665,67,CF252,CF252.jpg,0,1,1
0.242,24,CF32,CF32.jpg,0,1,1
0.649,65,AF272,AF272.jpg,1,0,1
0.619,62,AF1524,AF1524.jpg,1,0,1
0.459,46,AF832,AF832.jpg,1,0,1
0.268,27,AF367,AF367.jpg,1,0,1
0.469,47,CF189,CF189.jpg,0,1,1
0.814,81,AF1706,AF1706.jpg,1,0,1
0.345,35,CF430,CF430.jpg,0,1,1
0.588,59,CF408,CF408.jpg,0,1,1
0.603,60,CF124,CF124.jpg,0,1,1
0.582,58,AF1801,AF1801.jpg,1,0,1
0.387,39,AF729,AF729.jpg,1,0,1
0.289,29,AF857,AF857.jpg,1,0,1
0.825,83,CF657,CF657.jpg,0,1,1
0.340,34,AF919,AF919.jpg,1,0,1
0.608,61,CF125,CF125.jpg,0,1,1
0.624,62,AF1126,AF1126.jpg,1,0,1
0.655,66,AF1586,AF1586.jpg,1,0,1
0.242,24,AF139,AF139.jpg,1,0,1
0.397,40,AF1487,AF1487.jpg,1,0,1
0.575,58,CF291,CF291.jpg,0,1,1
0.701,70,AF1668,AF1668.jpg,1,0,1
0.716,72,AF1168,AF1168.jpg,1,0,1
0.469,47,CF345,CF345.jpg,0,1,1
0.526,53,CF529,CF529.jpg,0,1,1
0.567,57,AF1386,AF1386.jpg,1,0,1
0.619,62,AF1692,AF1692.jpg,1,0,1
0.670,67,AF1605,AF1605.jpg,1,0,1
0.629,63,CF232,CF232.jpg,0,1,1
0.768,77,AF897,AF897.jpg,1,0,1
0.294,29,CF44,CF44.jpg,0,1,1
0.732,73,AF1688,AF1688.jpg,1,0,1
0.469,47,AF542,AF542.jpg,1,0,1
0.356,36,AF718,AF718.jpg,1,0,1
0.490,49,CF399,CF399.jpg,0,1,1
0.247,25,AF418,AF418.jpg,1,0,1
0.294,29,AF537,AF537.jpg,1,0,1
0.368,37,AF1542,AF1542.jpg,1,0,1
0.399,40,AF96,AF96.jpg,1,0,1
0.768,77,AF1732,AF1732.jpg,1,0,1
0.314,31,AF193,AF193.jpg,1,0,1
0.716,72,AF1804,AF1804.jpg,1,0,1
0.433,43,AF742,AF742.jpg,1,0,1
0.428,43,CF489,CF489.jpg,0,1,1
0.624,62,AF470,AF470.jpg,1,0,1
0.768,77,AF1601,AF1601.jpg,1,0,1
0.582,58,AF1212,AF1212.jpg,1,0,1
0.345,35,AF778,AF778.jpg,1,0,1
0.397,40,AF1725,AF1725.jpg,1,0,1
0.603,60,AF1721,AF1721.jpg,1,0,1
0.474,47,AF810,AF810.jpg,1,0,1
0.515,52,AF201,AF201.jpg,1,0,1
0.835,84,CF549,CF549.jpg,0,1,1
0.804,80,CF638,CF638.jpg,0,1,1
0.541,54,CF532,CF532.jpg,0,1,1
0.680,68,AF1361,AF1361.jpg,1,0,1
0.345,35,AF1220,AF1220.jpg,1,0,1
0.706,71,CF57,CF57.jpg,0,1,1
0.773,77,AF1894,AF1894.jpg,1,0,1
0.598,60,AF1646,AF1646.jpg,1,0,1
0.314,31,AF152,AF152.jpg,1,0,1
0.284,28,AF698,AF698.jpg,1,0,1
0.423,42,CF237,CF237.jpg,0,1,1
0.284,28,CF9991,CF9991.jpg,1,0,1
0.407,41,AF83,AF83.jpg,1,0,1
0.485,49,AF1441,AF1441.jpg,1,0,1
0.438,44,CF369,CF369.jpg,0,1,1
0.670,67,AF996,AF996.jpg,1,0,1
0.536,54,CF502,CF502.jpg,0,1,1
0.335,34,AF26,AF26.jpg,1,0,1
0.629,63,AF292,AF292.jpg,1,0,1
0.627,63,AF1644,AF1644.jpg,1,0,1
0.366,37,AF579,AF579.jpg,1,0,1
0.407,41,CF435,CF435.jpg,0,1,1
0.840,84,CF635,CF635.jpg,0,1,1
0.665,67,AF1293,AF1293.jpg,1,0,1
0.701,70,AF980,AF980.jpg,1,0,1
0.160,16,AF1619,AF1619.jpg,1,0,1
0.320,32,AF596,AF596.jpg,1,0,1
0.701,70,CF588,CF588.jpg,0,1,1
0.443,44,AF683,AF683.jpg,1,0,1
0.340,34,AF1926,AF1926.jpg,1,0,1
0.598,60,CF542,CF542.jpg,0,1,1
0.619,62,AF1767,AF1767.jpg,1,0,1
0.320,32,AF103,AF103.jpg,1,0,1
0.381,38,AF208,AF208.jpg,1,0,1
0.337,34,AF120,AF120.jpg,1,0,1
0.773,77,CF243,CF243.jpg,0,1,1
0.613,61,AF1004,AF1004.jpg,1,0,1
0.134,13,AF143,AF143.jpg,1,0,1
0.170,17,AF176,AF176.jpg,1,0,1
0.701,70,CF188,CF188.jpg,0,1,1
0.804,80,CF301,CF301.jpg,0,1,1
0.706,71,CF512,CF512.jpg,0,1,1
0.275,28,AF1046,AF1046.jpg,1,0,1
0.418,42,AF754,AF754.jpg,1,0,1
0.660,66,AF1163,AF1163.jpg,1,0,1
0.737,74,AF1346,AF1346.jpg,1,0,1
0.366,37,AF1700,AF1700.jpg,1,0,1
0.629,63,AF1730,AF1730.jpg,1,0,1
0.582,58,AF1485,AF1485.jpg,1,0,1
0.438,44,AF538,AF538.jpg,1,0,1
0.366,37,CF43,CF43.jpg,0,1,1
0.387,39,CF461,CF461.jpg,0,1,1
0.330,33,CF221,CF221.jpg,0,1,1
0.368,37,AF158,AF158.jpg,1,0,1
0.804,80,CF607,CF607.jpg,0,1,1
0.526,53,AF1052,AF1052.jpg,1,0,1
0.232,23,AF322,AF322.jpg,1,0,1
0.314,31,AF657,AF657.jpg,1,0,1
0.674,67,AF1598,AF1598.jpg,1,0,1
0.448,45,AF625,AF625.jpg,1,0,1
0.376,38,AF390,AF390.jpg,1,0,1
0.552,55,CF210,CF210.jpg,0,1,1
0.814,81,AF1803,AF1803.jpg,1,0,1
0.113,11,AF1996,AF1996.jpg,1,0,1
0.304,30,AF764,AF764.jpg,1,0,1
0.830,83,CF565,CF565.jpg,0,1,1
0.371,37,CF267,CF267.jpg,0,1,1
0.825,83,CF674,CF674.jpg,0,1,1
0.680,68,AF1707,AF1707.jpg,1,0,1
0.418,42,CF112,CF112.jpg,0,1,1
0.351,35,AF487,AF487.jpg,1,0,1
0.392,39,CF72,CF72.jpg,0,1,1
0.521,52,AF469,AF469.jpg,1,0,1
0.794,79,AF491,AF491.jpg,1,0,1
0.789,79,AF1280,AF1280.jpg,1,0,1
0.727,73,AF1663,AF1663.jpg,1,0,1
0.737,74,AF860,AF860.jpg,1,0,1
0.577,58,AF430,AF430.jpg,1,0,1
0.294,29,AF679,AF679.jpg,1,0,1
0.392,39,CF54,CF54.jpg,0,1,1
0.557,56,AF1086,AF1086.jpg,1,0,1
0.500,50,AF1713,AF1713.jpg,1,0,1
0.306,31,CF73,CF73.jpg,0,1,1
0.784,78,CF50,CF50.jpg,0,1,1
0.186,19,AF1084,AF1084.jpg,1,0,1
0.577,58,AF1670,AF1670.jpg,1,0,1
0.603,60,CF116,CF116.jpg,0,1,1
0.778,78,AF453,AF453.jpg,1,0,1
0.381,38,AF326,AF326.jpg,1,0,1
0.485,49,AF1381,AF1381.jpg,1,0,1
0.443,44,AF1815,AF1815.jpg,1,0,1
0.356,36,AF936,AF936.jpg,1,0,1
0.799,80,CF576,CF576.jpg,0,1,1
0.510,51,AF1366,AF1366.jpg,1,0,1
0.603,60,AF558,AF558.jpg,1,0,1
0.345,35,CF504,CF504.jpg,0,1,1
0.577,58,AF572,AF572.jpg,1,0,1
0.778,78,AF1365,AF1365.jpg,1,0,1
0.201,20,AF144,AF144.jpg,1,0,1
0.454,45,AF511,AF511.jpg,1,0,1
0.376,38,AF566,AF566.jpg,1,0,1
0.335,34,AF937,AF937.jpg,1,0,1
0.211,21,AF52,AF52.jpg,1,0,1
0.546,55,CF425,CF425.jpg,0,1,1
0.567,57,AF944,AF944.jpg,1,0,1
0.392,39,AF521,AF521.jpg,1,0,1
0.294,29,AF1325,AF1325.jpg,1,0,1
0.541,54,CF265,CF265.jpg,0,1,1
0.588,59,AF1705,AF1705.jpg,1,0,1
0.706,71,AF1538,AF1538.jpg,1,0,1
0.793,79,CF9972,CF9972.jpg,0,1,1
0.320,32,CF250,CF250.jpg,0,1,1
0.326,33,AF626,AF626.jpg,1,0,1
0.670,67,AF1425,AF1425.jpg,1,0,1
0.789,79,AF603,AF603.jpg,1,0,1
0.588,59,CF30,CF30.jpg,0,1,1
0.191,19,AF1108,AF1108.jpg,1,0,1
0.565,57,AF816,AF816.jpg,1,0,1
0.742,74,CF475,CF475.jpg,0,1,1
0.351,35,CF88,CF88.jpg,0,1,1
0.588,59,AF464,AF464.jpg,1,0,1
0.684,68,AF1458,AF1458.jpg,1,0,1
0.521,52,CF468,CF468.jpg,0,1,1
0.536,54,AF1153,AF1153.jpg,1,0,1
0.381,38,CF9983,CF9983.jpg,0,1,1
0.619,62,AF433,AF433.jpg,1,0,1
0.753,75,CF13,CF13.jpg,0,1,1
0.129,13,AF917,AF917.jpg,1,0,1
0.479,48,AF1372,AF1372.jpg,1,0,1
0.588,59,AF1414,AF1414.jpg,1,0,1
0.722,72,AF1410,AF1410.jpg,1,0,1
0.644,64,AF1093,AF1093.jpg,1,0,1
0.253,25,CF56,CF56.jpg,0,1,1
0.603,60,AF10,AF10.jpg,1,0,1
0.335,34,CF404,CF404.jpg,0,1,1
0.778,78,CF7,CF7.jpg,0,1,1
0.335,34,AF777,AF777.jpg,1,0,1
0.572,57,AF1359,AF1359.jpg,1,0,1
0.420,42,AF1182,AF1182.jpg,1,0,1
0.397,40,CF530,CF530.jpg,0,1,1
0.696,70,CF624,CF624.jpg,0,1,1
0.746,75,CF564,CF564.jpg,0,1,1
0.347,35,AF15,AF15.jpg,1,0,1
0.309,31,AF109,AF109.jpg,1,0,1
0.320,32,AF172,AF172.jpg,1,0,1
0.330,33,AF38,AF38.jpg,1,0,1
0.711,71,CF102,CF102.jpg,0,1,1
0.746,75,AF1711,AF1711.jpg,1,0,1
0.285,29,CF433,CF433.jpg,0,1,1
0.404,40,AF1831,AF1831.jpg,1,0,1
0.435,44,AF767,AF767.jpg,1,0,1
0.490,49,AF875,AF875.jpg,1,0,1
0.732,73,AF838,AF838.jpg,1,0,1
0.567,57,AF909,AF909.jpg,1,0,1
0.541,54,AF1944,AF1944.jpg,1,0,1
0.799,80,AF1786,AF1786.jpg,1,0,1
0.316,32,AF1240,AF1240.jpg,1,0,1
0.181,18,AF978,AF978.jpg,1,0,1
0.371,37,CF543,CF543.jpg,0,1,1
0.320,32,AF595,AF595.jpg,1,0,1
0.469,47,AF776,AF776.jpg,1,0,1
0.722,72,AF1129,AF1129.jpg,1,0,1
0.701,70,AF715,AF715.jpg,1,0,1
0.294,29,AF523,AF523.jpg,1,0,1
0.340,34,AF602,AF602.jpg,1,0,1
0.407,41,CF286,CF286.jpg,0,1,1
0.376,38,CF100,CF100.jpg,0,1,1
0.696,70,AF750,AF750.jpg,1,0,1
0.345,35,AF835,AF835.jpg,1,0,1
0.387,39,AF541,AF541.jpg,1,0,1
0.361,36,AF865,AF865.jpg,1,0,1
0.469,47,AF1604,AF1604.jpg,1,0,1
0.335,34,AF1250,AF1250.jpg,1,0,1
0.155,16,AF63,AF63.jpg,1,0,1
0.778,78,AF855,AF855.jpg,1,0,1
0.577,58,AF1109,AF1109.jpg,1,0,1
0.680,68,AF818,AF818.jpg,1,0,1
0.588,59,AF1197,AF1197.jpg,1,0,1
0.572,57,AF908,AF908.jpg,1,0,1
0.670,67,AF792,AF792.jpg,1,0,1
0.345,35,CF161,CF161.jpg,0,1,1
0.809,81,CF38,CF38.jpg,0,1,1
0.356,36,AF1828,AF1828.jpg,1,0,1
0.124,12,AF1398,AF1398.jpg,1,0,1
0.758,76,AF1385,AF1385.jpg,1,0,1
0.655,66,AF1882,AF1882.jpg,1,0,1
0.186,19,AF851,AF851.jpg,1,0,1
0.804,80,CF736,CF736.jpg,0,1,1
0.663,66,AF1695,AF1695.jpg,1,0,1
0.263,26,AF445,AF445.jpg,1,0,1
0.320,32,AF556,AF556.jpg,1,0,1
0.598,60,AF1947,AF1947.jpg,1,0,1
0.381,38,AF723,AF723.jpg,1,0,1
0.606,61,AF833,AF833.jpg,1,0,1
0.613,61,AF1597,AF1597.jpg,1,0,1
0.495,50,CF183,CF183.jpg,0,1,1
0.608,61,AF1384,AF1384.jpg,1,0,1
0.482,48,AF662,AF662.jpg,1,0,1
0.412,41,CF319,CF319.jpg,0,1,1
0.510,51,AF279,AF279.jpg,1,0,1
0.361,36,AF834,AF834.jpg,1,0,1
0.773,77,CF631,CF631.jpg,0,1,1
0.567,57,AF1852,AF1852.jpg,1,0,1
0.619,62,AF1469,AF1469.jpg,1,0,1
0.180,18,AF72,AF72.jpg,1,0,1
0.145,15,AF520,AF520.jpg,1,0,1
0.866,87,CF625,CF625.jpg,0,1,1
0.253,25,AF504,AF504.jpg,1,0,1
0.727,73,AF1511,AF1511.jpg,1,0,1
0.469,47,AF1643,AF1643.jpg,1,0,1
0.686,69,CF307,CF307.jpg,0,1,1
0.871,87,CF600,CF600.jpg,0,1,1
0.505,51,CF110,CF110.jpg,0,1,1
0.155,16,AF265,AF265.jpg,1,0,0
0.557,56,AF1659,AF1659.jpg,1,0,0
0.222,22,AF536,AF536.jpg,1,0,0
0.13,13,AF12,AF12.jpg,1,0,0
0.778,78,CF694,CF694.jpg,0,1,0
0.34,34,AF436,AF436.jpg,1,0,0
0.201,20,AF337,AF337.jpg,1,0,0
0.567,57,AF1957,AF1957.jpg,1,0,0
0.304,30,AF1853,AF1853.jpg,1,0,0
0.366,37,CF171,CF171.jpg,0,1,0
0.459,46,AF1795,AF1795.jpg,1,0,0
0.722,72,AF682,AF682.jpg,1,0,0
0.644,64,AF898,AF898.jpg,1,0,0
0.557,56,AF1396,AF1396.jpg,1,0,0
0.418,42,AF1219,AF1219.jpg,1,0,0
0.211,21,AF1938,AF1938.jpg,1,0,0
0.438,44,AF1698,AF1698.jpg,1,0,0
0.552,55,AF1413,AF1413.jpg,1,0,0
0.149,15,AF1967,AF1967.jpg,1,0,0
0.392,39,CF195,CF195.jpg,0,1,0
0.66,66,AF1405,AF1405.jpg,1,0,0
0.876,88,CF659,CF659.jpg,0,1,0
0.627,63,CF722,CF722.jpg,0,1,0
0.603,60,CF341,CF341.jpg,0,1,0
0.691,69,AF1179,AF1179.jpg,1,0,0
0.16,16,AF1987,AF1987.jpg,1,0,0
0.5,50,AF1825,AF1825.jpg,1,0,0
0.459,46,CF209,CF209.jpg,0,1,0
0.526,53,CF414,CF414.jpg,0,1,0
0.34,34,CF37,CF37.jpg,0,1,0
0.49,49,AF1764,AF1764.jpg,1,0,0
0.655,66,AF1449,AF1449.jpg,1,0,0
0.644,64,AF867,AF867.jpg,1,0,0
0.381,38,AF795,AF795.jpg,1,0,0
0.423,42,CF103,CF103.jpg,0,1,0
0.742,74,AF1401,AF1401.jpg,1,0,0
0.613,61,AF225,AF225.jpg,1,0,0
0.299,30,AF671,AF671.jpg,1,0,0
0.278,28,AF98,AF98.jpg,1,0,0
0.505,51,AF1685,AF1685.jpg,1,0,0
0.773,77,CF535,CF535.jpg,0,1,0
0.732,73,AF647,AF647.jpg,1,0,0
0.165,17,AF116,AF116.jpg,1,0,0
0.696,70,AF953,AF953.jpg,1,0,0
0.309,31,CF158,CF158.jpg,0,1,0
0.577,58,AF1992,AF1992.jpg,1,0,0
0.227,23,AF334,AF334.jpg,1,0,0
0.701,70,AF1099,AF1099.jpg,1,0,0
0.381,38,AF224,AF224.jpg,1,0,0
0.464,46,AF870,AF870.jpg,1,0,0
0.253,25,AF174,AF174.jpg,1,0,0
0.67,67,AF284,AF284.jpg,1,0,0
0.216,22,AF610,AF610.jpg,1,0,0
0.314,31,CF432,CF432.jpg,0,1,0
0.627,63,AF1305,AF1305.jpg,1,0,0
0.686,69,AF1680,AF1680.jpg,1,0,0
0.68,68,AF1420,AF1420.jpg,1,0,0
0.897,90,CF702,CF702.jpg,0,1,0
0.402,40,AF1626,AF1626.jpg,1,0,0
0.536,54,AF1514,AF1514.jpg,1,0,0
0.771,77,AF1174,AF1174.jpg,1,0,0
0.433,43,AF195,AF195.jpg,1,0,0
0.227,23,AF377,AF377.jpg,1,0,0
0.768,77,CF20,CF20.jpg,0,1,0
0.247,25,AF1118,AF1118.jpg,1,0,0
0.639,64,AF1936,AF1936.jpg,1,0,0
0.258,26,AF1037,AF1037.jpg,1,0,0
0.51,51,AF1368,AF1368.jpg,1,0,0
0.387,39,AF495,AF495.jpg,1,0,0
0.57,57,AF951,AF951.jpg,1,0,0
0.472,47,AF432,AF432.jpg,1,0,0
0.598,60,AF1287,AF1287.jpg,1,0,0
0.763,76,CF595,CF595.jpg,0,1,0
0.381,38,AF104,AF104.jpg,1,0,0
0.608,61,AF1871,AF1871.jpg,1,0,0
0.278,28,CF160,CF160.jpg,0,1,0
0.474,47,AF73,AF73.jpg,1,0,0
0.423,42,AF533,AF533.jpg,1,0,0
0.428,43,AF488,AF488.jpg,1,0,0
0.51,51,AF1146,AF1146.jpg,1,0,0
0.624,62,AF1159,AF1159.jpg,1,0,0
0.613,61,AF955,AF955.jpg,1,0,0
0.789,79,AF1283,AF1283.jpg,1,0,0
0.763,76,AF634,AF634.jpg,1,0,0
0.758,76,CF653,CF653.jpg,0,1,0
0.268,27,AF1259,AF1259.jpg,1,0,0
0.454,45,CF222,CF222.jpg,0,1,0
0.722,72,AF1269,AF1269.jpg,1,0,0
0.746,75,CF683,CF683.jpg,0,1,0
0.71,71,AF762,AF762.jpg,1,0,0
0.531,53,CF92,CF92.jpg,0,1,0
0.84,84,CF634,CF634.jpg,0,1,0
0.33,33,CF514,CF514.jpg,0,1,0
0.33,33,AF1226,AF1226.jpg,1,0,0
0.443,44,CF336,CF336.jpg,0,1,0
0.68,68,AF1603,AF1603.jpg,1,0,0
0.711,71,CF732,CF732.jpg,0,1,0
0.356,36,AF801,AF801.jpg,1,0,0
0.216,22,CF515,CF515.jpg,0,1,0
0.361,36,AF1161,AF1161.jpg,1,0,0
0.593,59,CF397,CF397.jpg,0,1,0
0.515,52,AF1712,AF1712.jpg,1,0,0
0.531,53,AF1253,AF1253.jpg,1,0,0
0.314,31,AF1294,AF1294.jpg,1,0,0
0.649,65,CF42,CF42.jpg,0,1,0
0.253,25,AF121,AF121.jpg,1,0,0
0.825,83,CF558,CF558.jpg,0,1,0
0.397,40,AF1473,AF1473.jpg,1,0,0
0.892,89,CF8,CF8.jpg,0,1,0
0.479,48,AF94,AF94.jpg,1,0,0
0.593,59,AF1629,AF1629.jpg,1,0,0
0.763,76,AF1726,AF1726.jpg,1,0,0
0.237,24,AF173,AF173.jpg,1,0,0
0.284,28,AF1704,AF1704.jpg,1,0,0
0.474,47,CF312,CF312.jpg,0,1,0
0.794,79,CF606,CF606.jpg,0,1,0
0.366,37,AF428,AF428.jpg,1,0,0
0.356,36,AF58,AF58.jpg,1,0,0
0.716,72,AF1394,AF1394.jpg,1,0,0
0.577,58,AF1048,AF1048.jpg,1,0,0
0.129,13,AF1321,AF1321.jpg,1,0,0
0.67,67,AF1731,AF1731.jpg,1,0,0
0.629,63,AF1516,AF1516.jpg,1,0,0
0.49,49,CF31,CF31.jpg,0,1,0
0.443,44,AF1217,AF1217.jpg,1,0,0
0.562,56,AF1088,AF1088.jpg,1,0,0
0.613,61,CF643,CF643.jpg,0,1,0
0.706,71,AF1525,AF1525.jpg,1,0,0
0.418,42,AF553,AF553.jpg,1,0,0
0.448,45,AF896,AF896.jpg,1,0,0
0.716,72,CF289,CF289.jpg,0,1,0
0.515,52,AF492,AF492.jpg,1,0,0
0.376,38,AF918,AF918.jpg,1,0,0
0.335,34,AF348,AF348.jpg,1,0,0
0.351,35,AF1349,AF1349.jpg,1,0,0
0.227,23,AF186,AF186.jpg,1,0,0
0.505,51,CF393,CF393.jpg,0,1,0
0.727,73,AF1723,AF1723.jpg,1,0,0
0.237,24,AF81,AF81.jpg,1,0,0
0.531,53,AF1537,AF1537.jpg,1,0,0
0.387,39,CF200,CF200.jpg,0,1,0
0.536,54,AF552,AF552.jpg,1,0,0
0.32,32,AF360,AF360.jpg,1,0,0
0.335,34,AF134,AF134.jpg,1,0,0
0.521,52,AF965,AF965.jpg,1,0,0
0.686,69,AF1521,AF1521.jpg,1,0,0
0.66,66,CF12,CF12.jpg,0,1,0
0.309,31,AF640,AF640.jpg,1,0,0
0.18,18,AF1098,AF1098.jpg,1,0,0
0.237,24,AF1089,AF1089.jpg,1,0,0
0.443,44,AF974,AF974.jpg,1,0,0
0.402,40,AF482,AF482.jpg,1,0,0
0.737,74,AF1268,AF1268.jpg,1,0,0
0.268,27,AF1618,AF1618.jpg,1,0,0
0.443,44,AF809,AF809.jpg,1,0,0
0.438,44,AF1296,AF1296.jpg,1,0,0
0.242,24,AF248,AF248.jpg,1,0,0
0.624,62,AF1258,AF1258.jpg,1,0,0
0.526,53,CF220,CF220.jpg,0,1,0
0.794,79,CF703,CF703.jpg,0,1,0
0.242,24,AF651,AF651.jpg,1,0,0
0.701,70,AF942,AF942.jpg,1,0,0
0.608,61,AF1800,AF1800.jpg,1,0,0
0.51,51,AF1693,AF1693.jpg,1,0,0
0.639,64,AF1000,AF1000.jpg,1,0,0
0.119,12,AF1986,AF1986.jpg,1,0,0
0.433,43,CF260,CF260.jpg,0,1,0
0.722,72,CF672,CF672.jpg,0,1,0
0.572,57,AF1709,AF1709.jpg,1,0,0
0.392,39,AF99,AF99.jpg,1,0,0
0.289,29,AF65,AF65.jpg,1,0,0
0.701,70,AF1382,AF1382.jpg,1,0,0
0.598,60,AF1439,AF1439.jpg,1,0,0
0.351,35,AF1883,AF1883.jpg,1,0,0
0.648,65,AF1029,AF1029.jpg,1,0,0
0.201,20,AF843,AF843.jpg,1,0,0
0.562,56,CF339,CF339.jpg,0,1,0
0.67,67,CF258,CF258.jpg,0,1,0
0.541,54,AF569,AF569.jpg,1,0,0
0.485,49,AF233,AF233.jpg,1,0,0
0.438,44,AF338,AF338.jpg,1,0,0
0.598,60,AF1694,AF1694.jpg,1,0,0
0.446,45,AF1443,AF1443.jpg,1,0,0
0.356,36,AF887,AF887.jpg,1,0,0
0.366,37,AF258,AF258.jpg,1,0,0
0.435,44,AF825,AF825.jpg,1,0,0
0.598,60,AF4,AF4.jpg,1,0,0
0.706,71,AF1793,AF1793.jpg,1,0,0
0.582,58,AF1863,AF1863.jpg,1,0,0
0.613,61,CF429,CF429.jpg,0,1,0
0.541,54,AF1289,AF1289.jpg,1,0,0
0.155,16,AF399,AF399.jpg,1,0,0
0.629,63,CF479,CF479.jpg,0,1,0
0.582,58,CF48,CF48.jpg,0,1,0
0.546,55,CF394,CF394.jpg,0,1,0
0.778,78,CF713,CF713.jpg,0,1,0
0.619,62,AF946,AF946.jpg,1,0,0
0.381,38,CF190,CF190.jpg,0,1,0
0.624,62,CF9977,CF9977.jpg,0,1,0
0.412,41,AF948,AF948.jpg,1,0,0
0.242,24,AF1230,AF1230.jpg,1,0,0
0.284,28,CF517,CF517.jpg,0,1,0
0.433,43,CF332,CF332.jpg,0,1,0
0.746,75,CF682,CF682.jpg,0,1,0
0.789,79,CF506,CF506.jpg,0,1,0
0.098,10,AF1995,AF1995.jpg,1,0,0
0.314,31,AF1921,AF1921.jpg,1,0,0
0.5,50,AF1664,AF1664.jpg,1,0,0
0.809,81,AF1446,AF1446.jpg,1,0,0
0.809,81,AF720,AF720.jpg,1,0,0
0.495,50,AF1503,AF1503.jpg,1,0,0
0.345,35,AF773,AF773.jpg,1,0,0
0.387,39,AF191,AF191.jpg,1,0,0
0.299,30,AF661,AF661.jpg,1,0,0
0.541,54,AF434,AF434.jpg,1,0,0
0.264,26,AF808,AF808.jpg,1,0,0
0.325,33,CF350,CF350.jpg,0,1,0
0.18,18,AF822,AF822.jpg,1,0,0
0.407,41,AF543,AF543.jpg,1,0,0
0.67,67,AF890,AF890.jpg,1,0,0
0.485,49,AF207,AF207.jpg,1,0,0
0.175,18,AF142,AF142.jpg,1,0,0
0.376,38,AF804,AF804.jpg,1,0,0
0.381,38,AF1215,AF1215.jpg,1,0,0
0.479,48,CF356,CF356.jpg,0,1,0
0.663,66,AF593,AF593.jpg,1,0,0
0.575,58,AF1353,AF1353.jpg,1,0,0
0.665,67,AF1324,AF1324.jpg,1,0,0
0.335,34,AF42,AF42.jpg,1,0,0
0.459,46,CF152,CF152.jpg,0,1,0
0.433,43,AF118,AF118.jpg,1,0,0
0.448,45,AF1483,AF1483.jpg,1,0,0
0.309,31,AF1925,AF1925.jpg,1,0,0
0.263,26,CF412,CF412.jpg,0,1,0
0.381,38,AF238,AF238.jpg,1,0,0
0.521,52,AF670,AF670.jpg,1,0,0
0.763,76,CF733,CF733.jpg,0,1,0
0.314,31,AF1961,AF1961.jpg,1,0,0
0.603,60,CF538,CF538.jpg,0,1,0
0.33,33,CF263,CF263.jpg,0,1,0
0.345,35,AF632,AF632.jpg,1,0,0
0.443,44,AF79,AF79.jpg,1,0,0
0.314,31,AF1702,AF1702.jpg,1,0,0
0.397,40,AF222,AF222.jpg,1,0,0
0.624,62,AF1282,AF1282.jpg,1,0,0
0.627,63,AF1187,AF1187.jpg,1,0,0
0.804,80,CF721,CF721.jpg,0,1,0
0.314,31,CF378,CF378.jpg,0,1,0
0.366,37,AF303,AF303.jpg,1,0,0
0.423,42,AF1020,AF1020.jpg,1,0,0
0.68,68,CF270,CF270.jpg,0,1,0
0.366,37,AF1681,AF1681.jpg,1,0,0
0.552,55,CF451,CF451.jpg,0,1,0
0.247,25,CF191,CF191.jpg,0,1,0
0.655,66,AF1180,AF1180.jpg,1,0,0
0.418,42,AF163,AF163.jpg,1,0,0
0.129,13,AF1873,AF1873.jpg,1,0,0
0.66,66,CF592,CF592.jpg,0,1,0
0.309,31,CF449,CF449.jpg,0,1,0
0.655,66,AF1154,AF1154.jpg,1,0,0
0.51,51,CF349,CF349.jpg,0,1,0
0.103,10,AF1076,AF1076.jpg,1,0,0
0.546,55,AF1152,AF1152.jpg,1,0,0
0.608,61,AF528,AF528.jpg,1,0,0
0.284,28,AF307,AF307.jpg,1,0,0
0.242,24,AF1306,AF1306.jpg,1,0,0
0.5,50,CF534,CF534.jpg,0,1,0
0.216,22,AF1625,AF1625.jpg,1,0,0
0.67,67,AF1354,AF1354.jpg,1,0,0
0.603,60,AF1785,AF1785.jpg,1,0,0
0.655,66,AF1802,AF1802.jpg,1,0,0
0.428,43,CF85,CF85.jpg,0,1,0
0.851,85,CF603,CF603.jpg,0,1,0
0.443,44,AF1963,AF1963.jpg,1,0,0
0.665,67,CF335,CF335.jpg,0,1,0
0.809,81,CF149,CF149.jpg,0,1,0
0.212,21,AF891,AF891.jpg,1,0,0
0.412,41,CF413,CF413.jpg,0,1,0
0.722,72,AF1474,AF1474.jpg,1,0,0
0.222,22,CF251,CF251.jpg,0,1,0
0.175,18,AF1522,AF1522.jpg,1,0,0
0.613,61,AF447,AF447.jpg,1,0,0
0.247,25,AF374,AF374.jpg,1,0,0
0.536,54,AF923,AF923.jpg,1,0,0
0.223,22,AF290,AF290.jpg,1,0,0
0.67,67,CF357,CF357.jpg,0,1,0
0.804,80,CF667,CF667.jpg,0,1,0
0.474,47,CF416,CF416.jpg,0,1,0
0.798,80,CF9969,CF9969.jpg,0,1,0
0.34,34,CF382,CF382.jpg,0,1,0
0.247,25,CF145,CF145.jpg,0,1,0
0.381,38,AF666,AF666.jpg,1,0,0
0.778,78,AF1104,AF1104.jpg,1,0,0
0.273,27,AF45,AF45.jpg,1,0,0
0.299,30,AF219,AF219.jpg,1,0,0
0.423,42,AF1157,AF1157.jpg,1,0,0
0.544,54,AF1843,AF1843.jpg,1,0,0
0.541,54,AF315,AF315.jpg,1,0,0
0.56,56,AF1367,AF1367.jpg,1,0,0
0.454,45,AF743,AF743.jpg,1,0,0
0.886,89,CF654,CF654.jpg,0,1,0
0.593,59,CF137,CF137.jpg,0,1,0
0.17,17,AF1121,AF1121.jpg,1,0,0
0.397,40,AF1073,AF1073.jpg,1,0,0
0.624,62,AF962,AF962.jpg,1,0,0
0.722,72,AF1561,AF1561.jpg,1,0,0
0.294,29,CF334,CF334.jpg,0,1,0
0.371,37,AF873,AF873.jpg,1,0,0
0.32,32,CF384,CF384.jpg,0,1,0
0.464,46,CF144,CF144.jpg,0,1,0
0.624,62,AF1517,AF1517.jpg,1,0,0
0.536,54,AF1662,AF1662.jpg,1,0,0
0.773,77,CF559,CF559.jpg,0,1,0
0.84,84,CF715,CF715.jpg,0,1,0
0.428,43,CF147,CF147.jpg,0,1,0
0.423,42,AF400,AF400.jpg,1,0,0
0.211,21,AF185,AF185.jpg,1,0,0
0.691,69,AF1571,AF1571.jpg,1,0,0
0.742,74,AF1584,AF1584.jpg,1,0,0
0.361,36,AF331,AF331.jpg,1,0,0
0.268,27,AF811,AF811.jpg,1,0,0
0.216,22,AF291,AF291.jpg,1,0,0
0.598,60,AF1724,AF1724.jpg,1,0,0
0.763,76,AF753,AF753.jpg,1,0,0
0.794,79,CF697,CF697.jpg,0,1,0
0.596,60,AF1471,AF1471.jpg,1,0,0
0.663,66,CF627,CF627.jpg,0,1,0
0.407,41,AF456,AF456.jpg,1,0,0
0.309,31,AF260,AF260.jpg,1,0,0
0.325,33,CF108,CF108.jpg,0,1,0
0.433,43,CF170,CF170.jpg,0,1,0
0.387,39,AF251,AF251.jpg,1,0,0
0.613,61,AF1496,AF1496.jpg,1,0,0
0.851,85,CF714,CF714.jpg,0,1,0
0.33,33,AF122,AF122.jpg,1,0,0
0.701,70,AF1766,AF1766.jpg,1,0,0
0.679,68,AF1751,AF1751.jpg,1,0,0
0.505,51,CF426,CF426.jpg,0,1,0
0.356,36,AF243,AF243.jpg,1,0,0
0.191,19,AF304,AF304.jpg,1,0,0
0.696,70,AF685,AF685.jpg,1,0,0
0.814,81,CF681,CF681.jpg,0,1,0
0.433,43,CF323,CF323.jpg,0,1,0
0.397,40,AF154,AF154.jpg,1,0,0
0.588,59,AF839,AF839.jpg,1,0,0
0.756,76,AF1241,AF1241.jpg,1,0,0
0.134,13,AF1415,AF1415.jpg,1,0,0
0.691,69,AF1655,AF1655.jpg,1,0,0
0.634,63,AF268,AF268.jpg,1,0,0
0.222,22,AF1019,AF1019.jpg,1,0,0
0.381,38,AF844,AF844.jpg,1,0,0
0.753,75,CF269,CF269.jpg,0,1,0
0.763,76,AF1342,AF1342.jpg,1,0,0
0.701,70,AF2,AF2.jpg,1,0,0
0.469,47,AF242,AF242.jpg,1,0,0
0.407,41,AF1544,AF1544.jpg,1,0,0
0.696,70,CF40,CF40.jpg,0,1,0
0.34,34,AF721,AF721.jpg,1,0,0
0.562,56,CF177,CF177.jpg,0,1,0
0.435,44,AF785,AF785.jpg,1,0,0
0.57,57,AF1569,AF1569.jpg,1,0,0
0.716,72,CF536,CF536.jpg,0,1,0
0.763,76,AF1927,AF1927.jpg,1,0,0
0.665,67,AF297,AF297.jpg,1,0,0
0.443,44,AF444,AF444.jpg,1,0,0
0.392,39,AF642,AF642.jpg,1,0,0
0.227,23,AF696,AF696.jpg,1,0,0
0.325,33,CF381,CF381.jpg,0,1,0
0.686,69,AF1622,AF1622.jpg,1,0,0
0.325,33,CF256,CF256.jpg,0,1,0
0.521,52,AF1133,AF1133.jpg,1,0,0
0.233,23,AF612,AF612.jpg,1,0,0
0.639,64,AF1818,AF1818.jpg,1,0,0
0.387,39,AF343,AF343.jpg,1,0,0
0.394,39,AF125,AF125.jpg,1,0,0
0.603,60,CF181,CF181.jpg,0,1,0
0.562,56,AF722,AF722.jpg,1,0,0
0.371,37,AF871,AF871.jpg,1,0,0
0.222,22,CF314,CF314.jpg,0,1,0
0.624,62,AF1364,AF1364.jpg,1,0,0
0.314,31,AF970,AF970.jpg,1,0,0
0.402,40,CF169,CF169.jpg,0,1,0
0.546,55,AF969,AF969.jpg,1,0,0
0.727,73,AF1837,AF1837.jpg,1,0,0
0.33,33,AF517,AF517.jpg,1,0,0
0.591,59,CF495,CF495.jpg,0,1,0
0.608,61,AF565,AF565.jpg,1,0,0
0.304,30,AF1164,AF1164.jpg,1,0,0
0.582,58,AF630,AF630.jpg,1,0,0
0.325,33,AF257,AF257.jpg,1,0,0
0.464,46,AF1015,AF1015.jpg,1,0,0
0.366,37,AF687,AF687.jpg,1,0,0
0.381,38,AF71,AF71.jpg,1,0,0
0.351,35,AF76,AF76.jpg,1,0,0
0.397,40,AF381,AF381.jpg,1,0,0
0.51,51,AF1607,AF1607.jpg,1,0,0
0.253,25,AF1875,AF1875.jpg,1,0,0
0.299,30,AF366,AF366.jpg,1,0,0
0.557,56,CF196,CF196.jpg,0,1,0
0.49,49,AF1872,AF1872.jpg,1,0,0
0.603,60,CF508,CF508.jpg,0,1,0
0.139,14,AF649,AF649.jpg,1,0,0
0.552,55,AF499,AF499.jpg,1,0,0
0.742,74,CF347,CF347.jpg,0,1,0
0.68,68,AF779,AF779.jpg,1,0,0
0.593,59,CF427,CF427.jpg,0,1,0
0.242,24,AF86,AF86.jpg,1,0,0
0.526,53,AF1777,AF1777.jpg,1,0,0
0.299,30,CF186,CF186.jpg,0,1,0
0.418,42,AF354,AF354.jpg,1,0,0
0.655,66,AF1071,AF1071.jpg,1,0,0
0.392,39,AF1338,AF1338.jpg,1,0,0
0.84,84,CF547,CF547.jpg,0,1,0
0.716,72,AF1558,AF1558.jpg,1,0,0
0.644,64,AF1579,AF1579.jpg,1,0,0
0.773,77,CF663,CF663.jpg,0,1,0
0.351,35,AF1373,AF1373.jpg,1,0,0
0.454,45,AF1979,AF1979.jpg,1,0,0
0.546,55,CF262,CF262.jpg,0,1,0
0.66,66,AF1140,AF1140.jpg,1,0,0
0.32,32,AF411,AF411.jpg,1,0,0
0.876,88,CF551,CF551.jpg,0,1,0
0.211,21,CF129,CF129.jpg,0,1,0
0.459,46,AF1658,AF1658.jpg,1,0,0
0.381,38,AF906,AF906.jpg,1,0,0
0.567,57,AF214,AF214.jpg,1,0,0
0.273,27,CF324,CF324.jpg,0,1,0
0.5,50,AF515,AF515.jpg,1,0,0
0.443,44,AF531,AF531.jpg,1,0,0
0.216,22,AF170,AF170.jpg,1,0,0
0.86,86,CF640,CF640.jpg,0,1,0
0.366,37,CF9993,CF9993.jpg,0,1,0
0.376,38,AF1310,AF1310.jpg,1,0,0
0.325,33,AF516,AF516.jpg,1,0,0
0.51,51,AF1727,AF1727.jpg,1,0,0
0.546,55,AF1505,AF1505.jpg,1,0,0
0.407,41,AF1436,AF1436.jpg,1,0,0
0.34,34,AF530,AF530.jpg,1,0,0
0.376,38,AF605,AF605.jpg,1,0,0
0.528,53,AF1050,AF1050.jpg,1,0,0
0.763,76,CF686,CF686.jpg,0,1,0
0.515,52,CF9974,CF9974.jpg,0,1,0
0.485,49,AF1829,AF1829.jpg,1,0,0
0.294,29,AF1060,AF1060.jpg,1,0,0
0.466,47,AF1649,AF1649.jpg,1,0,0
0.49,49,CF276,CF276.jpg,0,1,0
0.454,45,AF1431,AF1431.jpg,1,0,0
0.474,47,AF1893,AF1893.jpg,1,0,0
0.474,47,AF931,AF931.jpg,1,0,0
0.492,49,AF1570,AF1570.jpg,1,0,0
0.809,81,CF670,CF670.jpg,0,1,0
0.366,37,CF127,CF127.jpg,0,1,0
0.299,30,AF346,AF346.jpg,1,0,0
0.371,37,AF1870,AF1870.jpg,1,0,0
0.611,61,CF379,CF379.jpg,0,1,0
0.753,75,AF1703,AF1703.jpg,1,0,0
0.582,58,AF1464,AF1464.jpg,1,0,0
0.201,20,AF781,AF781.jpg,1,0,0
0.17,17,CF496,CF496.jpg,0,1,0
0.861,86,CF27,CF27.jpg,0,1,0
0.232,23,AF352,AF352.jpg,1,0,0
0.206,21,AF318,AF318.jpg,1,0,0
0.314,31,AF1021,AF1021.jpg,1,0,0
0.644,64,AF1958,AF1958.jpg,1,0,0
0.397,40,AF654,AF654.jpg,1,0,0
0.196,20,AF756,AF756.jpg,1,0,0
0.223,22,AF748,AF748.jpg,1,0,0
0.237,24,AF53,AF53.jpg,1,0,0
0.706,71,CF604,CF604.jpg,0,1,0
0.222,22,CF155,CF155.jpg,0,1,0
0.407,41,AF467,AF467.jpg,1,0,0
0.337,34,AF1120,AF1120.jpg,1,0,0
0.325,33,CF135,CF135.jpg,0,1,0
0.526,53,CF448,CF448.jpg,0,1,0
0.284,28,AF74,AF74.jpg,1,0,0
0.371,37,AF507,AF507.jpg,1,0,0
0.381,38,AF458,AF458.jpg,1,0,0
0.232,23,AF518,AF518.jpg,1,0,0
0.722,72,AF1355,AF1355.jpg,1,0,0
0.49,49,CF462,CF462.jpg,0,1,0
0.701,70,AF1823,AF1823.jpg,1,0,0
0.577,58,AF1632,AF1632.jpg,1,0,0
0.825,83,CF633,CF633.jpg,0,1,0
0.598,60,AF1518,AF1518.jpg,1,0,0
0.531,53,CF488,CF488.jpg,0,1,0
0.562,56,CF343,CF343.jpg,0,1,0
0.83,83,CF636,CF636.jpg,0,1,0
0.606,61,AF13,AF13.jpg,1,0,0
0.423,42,AF397,AF397.jpg,1,0,0
0.232,23,AF1145,AF1145.jpg,1,0,0
0.356,36,AF620,AF620.jpg,1,0,0
0.263,26,AF341,AF341.jpg,1,0,0
0.253,25,AF664,AF664.jpg,1,0,0
0.407,41,CF373,CF373.jpg,0,1,0
0.66,66,AF477,AF477.jpg,1,0,0
0.655,66,AF554,AF554.jpg,1,0,0
0.515,52,AF1239,AF1239.jpg,1,0,0
0.381,38,CF375,CF375.jpg,0,1,0
0.871,87,CF537,CF537.jpg,0,1,0
0.856,86,CF669,CF669.jpg,0,1,0
0.634,63,AF987,AF987.jpg,1,0,0
0.485,49,AF1969,AF1969.jpg,1,0,0
0.273,27,AF310,AF310.jpg,1,0,0
0.856,86,CF709,CF709.jpg,0,1,0
0.392,39,AF62,AF62.jpg,1,0,0
0.887,89,CF548,CF548.jpg,0,1,0
0.325,33,AF660,AF660.jpg,1,0,0
0.809,81,CF728,CF728.jpg,0,1,0
0.778,78,AF1265,AF1265.jpg,1,0,0
0.387,39,AF33,AF33.jpg,1,0,0
0.49,49,AF770,AF770.jpg,1,0,0
0.325,33,AF429,AF429.jpg,1,0,0
0.361,36,AF1896,AF1896.jpg,1,0,0
0.572,57,AF1955,AF1955.jpg,1,0,0
0.412,41,AF1819,AF1819.jpg,1,0,0
0.361,36,CF179,CF179.jpg,0,1,0
0.418,42,AF1497,AF1497.jpg,1,0,0
0.433,43,AF609,AF609.jpg,1,0,0
0.201,20,AF576,AF576.jpg,1,0,0
0.567,57,AF1141,AF1141.jpg,1,0,0
0.479,48,CF157,CF157.jpg,0,1,0
0.387,39,AF1642,AF1642.jpg,1,0,0
0.613,61,AF1937,AF1937.jpg,1,0,0
0.263,26,AF884,AF884.jpg,1,0,0
0.541,54,AF56,AF56.jpg,1,0,0
0.366,37,CF308,CF308.jpg,0,1,0
0.606,61,AF1737,AF1737.jpg,1,0,0
0.402,40,AF562,AF562.jpg,1,0,0
0.588,59,AF1162,AF1162.jpg,1,0,0
0.381,38,CF509,CF509.jpg,0,1,0
0.201,20,CF59,CF59.jpg,0,1,0
0.443,44,AF1945,AF1945.jpg,1,0,0
0.284,28,AF252,AF252.jpg,1,0,0
0.644,64,AF1423,AF1423.jpg,1,0,0
0.778,78,CF684,CF684.jpg,0,1,0
0.66,66,AF971,AF971.jpg,1,0,0
0.562,56,CF484,CF484.jpg,0,1,0
0.655,66,AF1311,AF1311.jpg,1,0,0
0.851,85,CF555,CF555.jpg,0,1,0
0.407,41,CF428,CF428.jpg,0,1,0
0.464,46,CF371,CF371.jpg,0,1,0
0.644,64,AF1855,AF1855.jpg,1,0,0
0.356,36,AF899,AF899.jpg,1,0,0
0.407,41,AF357,AF357.jpg,1,0,0
0.763,76,CF579,CF579.jpg,0,1,0
0.696,70,AF1124,AF1124.jpg,1,0,0
0.474,47,AF412,AF412.jpg,1,0,0
0.34,34,AF653,AF653.jpg,1,0,0
0.433,43,CF355,CF355.jpg,0,1,0